Season,Episode,Character,Scene Count
1,1,3,1
1,1,6,1
1,1,All,5
1,1,Chandler,9
1,1,Customer,1
1,1,Frannie,1
1,1,Joey,8
1,1,Monica,9
1,1,Paul,4
1,1,Phoebe,6
1,1,Rachel,8
1,1,Ross,8
1,1,TV,1
1,1,Waitress,1
1,1,by,1
1,1,me,1
1,2,All,2
1,2,Barry,2
1,2,Bernice,1
1,2,Carol,4
1,2,Chandler,4
1,2,Geller,1
1,2,Joey,4
1,2,Marsha,1
1,2,Monica,4
1,2,Oberman,1
1,2,Phoebe,4
1,2,Rachel,6
1,2,Robbie,2
1,2,Ross,8
1,2,Susan,3
1,2,advice,1
1,2,by,1
1,3,Alan,2
1,3,All,7
1,3,Chandler,8
1,3,Guys,1
1,3,Joey,7
1,3,Lizzie,2
1,3,Monica,10
1,3,Paula,2
1,3,Phoebe,8
1,3,Rachel,8
1,3,Ross,8
1,3,by,1
1,3,question,1
1,3,you,1
1,4,All,4
1,4,Both,1
1,4,Chandler,10
1,4,Guy,1
1,4,Guys,1
1,4,Joanne,2
1,4,Joey,7
1,4,Kid,1
1,4,Kiki,2
1,4,Leslie,2
1,4,Monica,8
1,4,Pheebs,1
1,4,Phoebe,7
1,4,Rachel,9
1,4,Receptionist,2
1,4,Ross,9
1,4,by,1
1,4,out,1
1,5,Angela,4
1,5,Bob,2
1,5,Chandler,7
1,5,Janice,3
1,5,Joey,8
1,5,Monica,8
1,5,Phoebe,6
1,5,Rachel,6
1,5,Ross,7
1,5,Woman,2
1,5,by,1
1,6,All,4
1,6,Aurora,3
1,6,Chandler,7
1,6,Director,1
1,6,Joey,7
1,6,Monica,6
1,6,Phoebe,5
1,6,Rachel,5
1,6,Ross,5
1,6,by,1
1,6,stuff,1
1,6,way,1
1,7,All,1
1,7,Chandler,9
1,7,Heckles,1
1,7,Jill,6
1,7,Joey,6
1,7,Monica,7
1,7,Paolo,3
1,7,Phoebe,11
1,7,Rachel,10
1,7,Ross,8
1,7,by,1
1,7,note,1
1,8,All,2
1,8,Andrea,1
1,8,Chandler,8
1,8,Geller,6
1,8,Joey,6
1,8,Lillian,2
1,8,Lowell,1
1,8,Monica,7
1,8,Nurse,1
1,8,Phoebe,5
1,8,Rachel,6
1,8,Ross,8
1,8,Scene,1
1,8,Shelley,2
1,8,by,1
1,9,All,1
1,9,Carol,2
1,9,Chandler,6
1,9,Girl,1
1,9,Guy,1
1,9,Joey,8
1,9,Monica,5
1,9,Phoebe,6
1,9,Rachel,7
1,9,Ross,7
1,9,Scene,1
1,9,Susan,2
1,9,Terry,1
1,9,by,1
1,9,follows,1
1,9,says,1
1,10,All,3
1,10,Bobby,1
1,10,Chandler,5
1,10,Clark,1
1,10,David,4
1,10,Janice,1
1,10,Joey,4
1,10,Max,4
1,10,Monica,5
1,10,Phoebe,7
1,10,Rachel,6
1,10,Ross,6
1,10,Sandy,1
1,10,Sung,1
1,10,by,1
1,10,holiday,1
1,11,All,2
1,11,Bing,3
1,11,Chandler,6
1,11,Guy,2
1,11,Joey,7
1,11,Leno,1
1,11,Monica,10
1,11,Paolo,2
1,11,Phoebe,8
1,11,Rachel,5
1,11,Ross,7
1,11,Sung,1
1,11,by,1
1,12,2,1
1,12,3,1
1,12,4,1
1,12,5,1
1,12,Assistant,1
1,12,Carol,1
1,12,Chandler,11
1,12,Customer,1
1,12,Girls,1
1,12,Guys,1
1,12,Joey,10
1,12,Monica,7
1,12,Paolo,3
1,12,Phoebe,8
1,12,Rachel,6
1,12,Ross,7
1,12,Susan,1
1,12,by,1
1,12,continues,1
1,13,All,3
1,13,Chandler,9
1,13,Joey,10
1,13,Monica,6
1,13,Phoebe,6
1,13,Rachel,6
1,13,Roger,3
1,13,Ronni,3
1,13,Ross,4
1,13,Tribbiani,6
1,13,by,1
1,13,stop,1
1,14,1,2
1,14,2,2
1,14,3,3
1,14,Carol,2
1,14,Chandler,8
1,14,Janice,6
1,14,Joey,7
1,14,Kristin,2
1,14,Lorraine,2
1,14,Monica,6
1,14,Phoebe,4
1,14,Rachel,6
1,14,Ross,5
1,14,Susan,1
1,14,Woman,1
1,14,by,1
1,14,something,1
1,15,All,1
1,15,Celia,2
1,15,Chandler,7
1,15,Joey,6
1,15,Monica,7
1,15,Phoebe,7
1,15,Rachel,7
1,15,Ross,7
1,15,Steve,2
1,15,Tedlock,1
1,15,Woman,1
1,15,by,1
1,16,13,1
1,16,All,1
1,16,Carol,2
1,16,Chandler,11
1,16,Douglas,2
1,16,Fran,1
1,16,Heckles,2
1,16,Helen,2
1,16,Jamie,1
1,16,Joey,5
1,16,Monica,5
1,16,Nina,4
1,16,Phoebe,6
1,16,Rachel,7
1,16,Ross,6
1,16,Susan,3
1,16,Teacher,3
1,16,Ursula,2
1,16,Woman,1
1,16,by,1
1,16,tip,1
1,16,voice,1
1,17,All,1
1,17,Chandler,7
1,17,Friends,1
1,17,Geller,1
1,17,Joey,5
1,17,Mitchell,3
1,17,Monica,9
1,17,Nurse,3
1,17,Party,1
1,17,Phoebe,5
1,17,Rachel,8
1,17,Rosen,2
1,17,Ross,8
1,17,Ursula,1
1,17,by,1
1,18,All,1
1,18,Chandler,8
1,18,Girls,1
1,18,Guys,2
1,18,Iris,1
1,18,Joey,8
1,18,Monica,8
1,18,Phoebe,7
1,18,Rachel,8
1,18,Ross,8
1,18,by,1
1,19,1,1
1,19,2,1
1,19,4,1
1,19,All,1
1,19,Barry,1
1,19,Both,1
1,19,Chandler,5
1,19,Heckles,2
1,19,Intercom,1
1,19,Joey,5
1,19,Luisa,1
1,19,Monica,5
1,19,Note,1
1,19,Phoebe,4
1,19,Rachel,6
1,19,Ross,5
1,19,by,1
1,19,have,1
1,20,All,3
1,20,Barry,3
1,20,Bernice,2
1,20,Bobby,1
1,20,Chandler,7
1,20,Danielle,1
1,20,Joey,9
1,20,Mindy,2
1,20,Monica,8
1,20,Phoebe,6
1,20,Rachel,10
1,20,Ross,6
1,20,by,1
1,20,letters,1
1,20,this,1
1,21,1,1
1,21,2,1
1,21,Actor,1
1,21,All,1
1,21,Baldhara,1
1,21,Chandler,7
1,21,Joey,8
1,21,Monica,9
1,21,PA,1
1,21,Phoebe,6
1,21,Rachel,9
1,21,Ross,6
1,21,Teacher,2
1,21,Woman,1
1,21,by,1
1,22,All,2
1,22,Chandler,8
1,22,Ethan,3
1,22,Gerston,1
1,22,Joey,6
1,22,Monica,8
1,22,Petrie,1
1,22,Phoebe,7
1,22,Rachel,7
1,22,Ross,7
1,22,Santos,1
1,22,Scene,1
1,22,by,1
1,22,thinking,1
1,23,All,3
1,23,Carol,7
1,23,Chandler,8
1,23,Franzblau,5
1,23,Guy,1
1,23,Janitor,1
1,23,Joey,8
1,23,Lydia,4
1,23,Monica,7
1,23,Nurse,3
1,23,Phoebe,9
1,23,Rachel,8
1,23,Ross,12
1,23,Susan,9
1,23,by,1
1,24,Attendant,1
1,24,Carl,1
1,24,Chandler,5
1,24,Intercom,1
1,24,Joey,6
1,24,Julie,1
1,24,Man,2
1,24,Melanie,2
1,24,Monica,5
1,24,Phoebe,4
1,24,Rachel,8
1,24,Ross,5
1,24,by,1
2,1,6,1
2,1,All,2
2,1,Chandler,8
2,1,Frankie,1
2,1,Joey,6
2,1,Julie,3
2,1,Monica,6
2,1,Paulo,2
2,1,Phoebe,9
2,1,Rachel,9
2,1,Ross,7
2,1,by,1
2,2,All,1
2,2,Annabelle,3
2,2,Carol,3
2,2,Chandler,5
2,2,Customer,1
2,2,Guy,2
2,2,Joey,8
2,2,Julie,2
2,2,Man,3
2,2,Monica,7
2,2,Phoebe,6
2,2,Rachel,7
2,2,Ross,6
2,2,Susan,3
2,2,by,1
2,3,ALISON,1
2,3,ALL,1
2,3,BOYLE,1
2,3,CHANDLER,1
2,3,HECKLES,1
2,3,JANICE,1
2,3,JOEY,1
2,3,MONICA,1
2,3,PHOEBE,1
2,3,RACHEL,1
2,3,ROSS,1
2,3,TREEGER,1
2,3,her,1
2,4,ALL,3
2,4,CHANDLER,6
2,4,DUNCAN,3
2,4,JOEY,5
2,4,JULIE,6
2,4,MONICA,4
2,4,PHOEBE,5
2,4,RACHEL,8
2,4,RAHCEL,1
2,4,ROSS,7
2,4,STRANGER,1
2,4,WOMAN,1
2,5,ALL,1
2,5,CHANDLER,1
2,5,JADE,1
2,5,JOEY,1
2,5,MACHINE,1
2,5,MONICA,1
2,5,PHOEBE,1
2,5,RACHEL,1
2,5,ROSS,1
2,5,STEVE,1
2,5,WAITER,1
2,5,WAITRESS,1
2,6,1,1
2,6,2,1
2,6,BOTH,1
2,6,BOYS,1
2,6,BUS,1
2,6,CAROLINE,1
2,6,CHANDLER,1
2,6,DOCTOR,1
2,6,GUY,1
2,6,JOEY,1
2,6,KID,1
2,6,MONICA,1
2,6,PHOEBE,1
2,6,RACHEL,1
2,6,ROSS,1
2,6,STEPHANIE,1
2,6,TERRY,1
2,6,TOGETHER,1
2,7,6,1
2,7,ALL,2
2,7,CHAN,6
2,7,GUY,1
2,7,JOEY,3
2,7,JULIE,2
2,7,MICH,2
2,7,MNCA,6
2,7,PHOE,4
2,7,RACH,6
2,7,RACHEL,1
2,7,ROSS,3
2,7,WAITER,1
2,8,CHAN,5
2,8,JOEY,6
2,8,JULIE,1
2,8,MNCA,10
2,8,PHOE,5
2,8,RACH,7
2,8,RADIO,1
2,8,ROSS,6
2,8,RTST,3
2,8,five,1
2,8,four,1
2,8,holidays,1
2,8,one,1
2,8,six,1
2,8,three,1
2,8,two,1
2,9,CHANDLER,8
2,9,Chandler,1
2,9,GANG,1
2,9,GRANDMOTHER,2
2,9,GUNTHER,1
2,9,JOEY,8
2,9,MONICA,6
2,9,PHOEBE,9
2,9,RACHEL,6
2,9,ROSS,7
2,9,TREEGER,1
2,9,theme,1
2,10,ALL,1
2,10,CHAN,8
2,10,ESTL,1
2,10,FBOB,5
2,10,GANG,1
2,10,JOEY,6
2,10,JULIE,1
2,10,MNCA,6
2,10,PHOE,7
2,10,RACH,6
2,10,ROSS,5
2,10,RUSS,4
2,10,WAITER,1
2,11,A,1
2,11,ALL,1
2,11,CAROL,1
2,11,CHANDLER,1
2,11,GREEN,1
2,11,JOEY,1
2,11,MINISTER,1
2,11,MONICA,1
2,11,PHOEBE,1
2,11,RACHEL,1
2,11,ROSS,1
2,11,SUSAN,1
2,11,WALLACE,1
2,11,WOMAN,1
2,12,ALL,3
2,12,CHANDLER,8
2,12,DOCTOR,1
2,12,ERICA,4
2,12,GUARD,1
2,12,JANITOR,2
2,12,JOEY,7
2,12,KID,1
2,12,KIDS,1
2,12,LIPSON,1
2,12,MONICA,6
2,12,PHOEBE,7
2,12,RACHEL,7
2,12,ROB,4
2,12,ROSS,10
2,12,TV,1
2,12,VOICEOVER,1
2,12,WAITER,1
2,13,ALL,2
2,13,ASSISTANT,2
2,13,CHANDLER,7
2,13,DAMME,4
2,13,DIRECTOR,1
2,13,GUARD,1
2,13,JOEY,7
2,13,MONICA,6
2,13,PHOEBE,6
2,13,RACHEL,6
2,13,ROSS,7
2,13,SUSIE,3
2,13,TRAINER,1
2,14,ALL,1
2,14,BOTH,1
2,14,CHANDLER,6
2,14,CHIP,1
2,14,GAIL,1
2,14,GELLER,4
2,14,INTERVIEWER,1
2,14,JOEY,4
2,14,MAN,1
2,14,MONICA,6
2,14,NOTE,1
2,14,PHOEBE,5
2,14,RACHEL,4
2,14,ROSS,4
2,14,ROY,1
2,15,ALL,1
2,15,BOTH,1
2,15,BURKE,4
2,15,CHANDLER,6
2,15,GUY,1
2,15,JOEY,6
2,15,MONICA,6
2,15,PHOEBE,4
2,15,RACHEL,8
2,15,ROSS,8
2,15,chandler,1
2,16,ARTIST,1
2,16,CHANDLER,7
2,16,FRIEND,2
2,16,GELLER,6
2,16,JOEY,7
2,16,MONICA,8
2,16,PHOEBE,5
2,16,RACHEL,5
2,16,RICHARD,5
2,16,ROSS,7
2,16,STAR,1
2,17,ALL,5
2,17,BOTH,1
2,17,CHANDLER,7
2,17,EDDIE,3
2,17,GUY,1
2,17,JOEY,6
2,17,MONICA,8
2,17,PHOEBE,7
2,17,PRODUCER,1
2,17,RACHEL,8
2,17,ROSS,8
2,18,AMBER,2
2,18,AMGER,1
2,18,CHANDLER,8
2,18,EDDIE,5
2,18,GUY,1
2,18,HORTON,1
2,18,INTERCOM,1
2,18,JOEY,4
2,18,MONICA,6
2,18,PHOEBE,5
2,18,RACHEL,6
2,18,REMORE,2
2,18,RICHARD,4
2,18,ROSS,7
2,18,TILLY,1
2,18,WRITER,1
2,19,CHANDLER,7
2,19,EDDIE,5
2,19,ESTELLE,1
2,19,GUNTHER,1
2,19,GUY,1
2,19,JOEY,8
2,19,MONICA,5
2,19,MOVER,1
2,19,PHOEBE,4
2,19,RACHEL,4
2,19,ROSS,3
2,20,BEN,1
2,20,CAROL,3
2,20,CHANDLER,5
2,20,ERNIE,1
2,20,JOEY,4
2,20,MONICA,7
2,20,PHOEBE,5
2,20,RACHEL,5
2,20,RICHARD,5
2,20,ROSS,6
2,20,SUSAN,3
2,21,BUFFAY,1
2,21,BULLY,4
2,21,CHANDLER,7
2,21,EVERYONE,1
2,21,FRANK,1
2,21,GUNTHER,1
2,21,JOEY,7
2,21,MONICA,4
2,21,PHOEBE,6
2,21,RACHEL,7
2,21,ROSS,7
2,22,1,1
2,22,ALL,2
2,22,CHANDLER,7
2,22,GELLER,1
2,22,GREENE,3
2,22,GUNTER,1
2,22,GUNTHER,1
2,22,GUY,1
2,22,GUYS,1
2,22,JOEY,6
2,22,MONICA,6
2,22,PHOEBE,6
2,22,RACHEL,5
2,22,ROSS,4
2,22,VOICE,1
2,23,ALL,1
2,23,CHANDLER,5
2,23,DOUGLAS,1
2,23,JEANNIE,1
2,23,JOEY,5
2,23,MONICA,5
2,23,PHOEBE,6
2,23,RACHEL,6
2,23,RICHARD,3
2,23,ROSS,5
2,23,RYAN,4
2,23,SCOTT,1
2,24,9,1
2,24,ALL,5
2,24,BARRY,2
2,24,CHANDLER,6
2,24,JANICE,1
2,24,JOEY,5
2,24,MAN,1
2,24,MINDY,1
2,24,MONICA,8
2,24,PHOEBE,6
2,24,PLANNER,1
2,24,RACHEL,8
2,24,RICHARD,5
2,24,ROSS,9
2,24,WINEBURG,1
3,1,4,1
3,1,All,1
3,1,Chandler,5
3,1,Geller,2
3,1,Janice,3
3,1,Joey,6
3,1,Monica,5
3,1,Phoebe,5
3,1,Rachel,6
3,1,Ross,7
3,1,Video,1
3,1,by,1
3,1,idea,1
3,1,it,1
3,2,7,1
3,2,All,1
3,2,Chandler,4
3,2,Guys,1
3,2,Joey,3
3,2,Machine,2
3,2,Michelle,1
3,2,Monica,2
3,2,Phoebe,2
3,2,Rachel,3
3,2,Richard,2
3,2,Ross,4
3,2,Voice,1
3,2,Whitfield,1
3,2,by,1
3,2,called,1
3,3,All,2
3,3,Chandler,7
3,3,Guy,1
3,3,Janice,2
3,3,Joey,6
3,3,Malcom,2
3,3,Monica,4
3,3,Phoebe,5
3,3,Rachel,6
3,3,Ross,5
3,3,by,1
3,3,comments,1
3,3,says,1
3,4,All,1
3,4,Carol,2
3,4,Chandler,7
3,4,Host,1
3,4,Janice,3
3,4,Joey,6
3,4,Mike,1
3,4,Monica,6
3,4,Phoebe,5
3,4,Rachel,6
3,4,Ross,5
3,4,Susan,2
3,4,by,1
3,4,head,1
3,5,All,2
3,5,Chandler,8
3,5,Frank,5
3,5,Girl,1
3,5,Isabella,1
3,5,Jasmine,1
3,5,Joey,8
3,5,Monica,5
3,5,Phoebe,8
3,5,Rachel,6
3,5,Ross,5
3,5,by,1
3,6,1,2
3,6,2,2
3,6,Chandler,11
3,6,Eric,2
3,6,Friends,1
3,6,Heckles,1
3,6,Janice,1
3,6,Joey,7
3,6,Monica,10
3,6,Note,1
3,6,Phoebe,6
3,6,Rachel,3
3,6,Ross,5
3,6,Waitress,1
3,6,by,1
3,7,All,1
3,7,Chandler,6
3,7,Green,3
3,7,Gunther,2
3,7,Guy,1
3,7,Janice,2
3,7,Jester,1
3,7,Joey,9
3,7,King,1
3,7,Monica,7
3,7,Phoebe,8
3,7,Rachel,6
3,7,Ross,7
3,7,Student,2
3,7,by,1
3,8,Ben,2
3,8,Chandler,6
3,8,Gunther,2
3,8,Janice,2
3,8,Joey,6
3,8,Monica,7
3,8,Phoebe,8
3,8,Rachel,8
3,8,Ross,6
3,8,by,1
3,9,1,1
3,9,2,1
3,9,3,1
3,9,4,1
3,9,5,1
3,9,All,1
3,9,Chandler,4
3,9,Guys,2
3,9,Joey,4
3,9,Margha,2
3,9,Monica,5
3,9,Phoebe,5
3,9,Rachel,5
3,9,Ross,4
3,9,Woman,1
3,9,by,1
3,10,All,1
3,10,Boss,1
3,10,Chandler,9
3,10,Girl,1
3,10,Gunther,3
3,10,Guy,1
3,10,Joey,6
3,10,Leader,1
3,10,Monica,5
3,10,Phoebe,5
3,10,Rachel,7
3,10,Ross,10
3,10,Sarah,3
3,10,Woman,1
3,10,by,1
3,10,me,1
3,11,1,1
3,11,All,4
3,11,Angela,1
3,11,Chandler,8
3,11,Cookie,2
3,11,Grandmother,1
3,11,Gunther,1
3,11,Guy,3
3,11,Joey,7
3,11,Kaplan,1
3,11,Mark,1
3,11,Monica,9
3,11,Phoebe,5
3,11,Rachel,10
3,11,Ross,9
3,11,Sister,1
3,11,Sisters,2
3,11,Theresa,1
3,11,by,1
3,12,Barber,1
3,12,Chandler,5
3,12,Director,3
3,12,Gunther,1
3,12,Jeannine,1
3,12,Joey,6
3,12,Julio,3
3,12,Man,2
3,12,Mark,3
3,12,Monica,4
3,12,Phoebe,3
3,12,Quartet,2
3,12,Rachel,6
3,12,Ross,8
3,12,Singer,1
3,12,Woman,1
3,12,by,1
3,13,8,2
3,13,All,1
3,13,Chandler,5
3,13,Clerk,1
3,13,Date,1
3,13,Gunther,1
3,13,Joey,5
3,13,Monica,8
3,13,Phoebe,5
3,13,Rachel,5
3,13,Richard,7
3,13,Robert,4
3,13,Ross,5
3,13,be,1
3,13,by,1
3,13,nods,1
3,14,Chandler,7
3,14,Commercial,1
3,14,Ginger,4
3,14,Gunther,1
3,14,Joey,7
3,14,Lecturer,2
3,14,Leslie,4
3,14,Mark,1
3,14,Monica,7
3,14,Phoebe,9
3,14,Rachel,5
3,14,Ross,6
3,14,Singer,2
3,14,Woman,1
3,14,by,1
3,14,called,1
3,14,heard,1
3,14,is,1
3,15,10,1
3,15,4,1
3,15,Chandler,5
3,15,Chloe,5
3,15,Issac,2
3,15,Joey,4
3,15,Mark,2
3,15,Mischa,3
3,15,Monica,4
3,15,Phoebe,6
3,15,Rachel,6
3,15,Ross,7
3,15,Sergei,3
3,15,Sophie,1
3,15,by,1
3,16,8,1
3,16,9,1
3,16,All,1
3,16,Chandler,3
3,16,Chloe,4
3,16,Gunther,1
3,16,Issac,1
3,16,Jasmine,1
3,16,Joey,4
3,16,Mark,1
3,16,Monica,4
3,16,Phoebe,4
3,16,Rachel,5
3,16,Ross,8
3,16,by,1
3,16,like,1
3,17,All,4
3,17,Carol,3
3,17,Chandler,8
3,17,Girls,1
3,17,Joey,8
3,17,Monica,9
3,17,Phoebe,9
3,17,Rachel,6
3,17,Ross,5
3,17,by,1
3,18,Alice,3
3,18,All,3
3,18,Chandler,4
3,18,Employee,1
3,18,Frank,4
3,18,Gunther,1
3,18,Joey,8
3,18,Monica,7
3,18,Pete,4
3,18,Phoebe,7
3,18,Rachel,5
3,18,Ross,6
3,18,Secretary,1
3,18,Tape,3
3,18,Walker,1
3,18,by,1
3,19,All,2
3,19,Chandler,8
3,19,Director,3
3,19,Gunther,1
3,19,Joey,7
3,19,Kate,3
3,19,Mark,2
3,19,Monica,4
3,19,Pete,3
3,19,Phoebe,5
3,19,Rachel,5
3,19,Ross,5
3,19,Spokeswoman,1
3,19,by,1
3,20,All,3
3,20,Chandler,7
3,20,Director,2
3,20,Joanna,4
3,20,Joey,6
3,20,Kate,3
3,20,Lauren,3
3,20,Monica,6
3,20,Phoebe,4
3,20,Rachel,8
3,20,Ross,6
3,20,Sophie,3
3,20,Woman,1
3,20,by,1
3,21,Anchorwoman,1
3,21,Chandler,7
3,21,Gunther,1
3,21,Joey,6
3,21,Monica,7
3,21,Pete,3
3,21,Phoebe,5
3,21,Rachel,6
3,21,Ross,7
3,21,by,1
3,22,7,1
3,22,All,2
3,22,Cailin,2
3,22,Chandler,6
3,22,Director,2
3,22,Estelle,1
3,22,Gunther,1
3,22,Joey,7
3,22,Kate,3
3,22,Lauren,3
3,22,Man,1
3,22,Manager,2
3,22,Monica,7
3,22,Pete,1
3,22,Phoebe,6
3,22,Rachel,7
3,22,Ross,6
3,22,Tommy,3
3,22,Voice,3
3,22,by,1
3,23,All,4
3,23,Chandler,6
3,23,Fireman,1
3,23,Jason,3
3,23,Joey,5
3,23,Johnson,1
3,23,Mom,1
3,23,Monica,6
3,23,Pete,2
3,23,Phoebe,9
3,23,Rachel,6
3,23,Rhodes,2
3,23,Ross,8
3,23,Saj,2
3,23,Vince,3
3,23,by,1
3,24,8,1
3,24,All,3
3,24,Announcer,2
3,24,Billy,1
3,24,Bonnie,1
3,24,Chandler,9
3,24,Crystal,1
3,24,Doug,4
3,24,Guys,1
3,24,Hoshi,1
3,24,Joey,5
3,24,Monica,9
3,24,Pete,4
3,24,Phil,1
3,24,Phoebe,7
3,24,Rachel,6
3,24,Referee,1
3,24,Robin,1
3,24,Ross,6
3,24,Stevens,2
3,24,Williams,1
3,24,are,1
3,24,by,1
3,25,All,4
3,25,Bonnie,7
3,25,Chandler,8
3,25,Girls,1
3,25,Guys,1
3,25,Joey,6
3,25,Monica,6
3,25,Phoebe,8
3,25,Rachel,8
3,25,Ross,9
3,25,Sr,2
3,25,by,1
4,1,5,2
4,1,Bonnie,1
4,1,Chandler,8
4,1,Joey,6
4,1,Monica,6
4,1,Phoebe,7
4,1,Rachel,6
4,1,Ross,7
4,1,Ursula,1
4,1,by,1
4,2,All,2
4,2,Chandler,8
4,2,Chip,4
4,2,Guy,1
4,2,Joey,9
4,2,Monica,9
4,2,Peter,1
4,2,Phoebe,4
4,2,Rachel,8
4,2,Ross,5
4,2,Tony,1
4,2,by,1
4,3,All,2
4,3,Chandler,8
4,3,Geller,3
4,3,Joanna,4
4,3,Joey,6
4,3,Monica,7
4,3,Oven,1
4,3,Phoebe,6
4,3,Rachel,9
4,3,Ross,3
4,3,Salesman,3
4,3,Sophie,1
4,3,by,1
4,4,3,1
4,4,All,1
4,4,Chandler,7
4,4,Employee,1
4,4,Interviewer,1
4,4,Joey,8
4,4,Lambert,1
4,4,Monica,7
4,4,Officer,1
4,4,Phoebe,7
4,4,Potter,1
4,4,Rachel,7
4,4,Rick,2
4,4,Ross,6
4,4,Simon,1
4,4,Treeger,5
4,4,Woman,1
4,4,by,1
4,5,2,1
4,5,4,1
4,5,All,1
4,5,Amanda,1
4,5,Chandler,8
4,5,Gunther,3
4,5,Joey,6
4,5,Josh,2
4,5,Kathy,6
4,5,Monica,6
4,5,Phoebe,8
4,5,Rachel,6
4,5,Ross,7
4,5,by,1
4,6,Both,1
4,6,Burkart,3
4,6,Chandler,5
4,6,Cheryl,4
4,6,Everyone,1
4,6,Gunther,1
4,6,Joey,5
4,6,Kathy,2
4,6,Monica,7
4,6,Phoebe,6
4,6,Rachel,5
4,6,Ross,5
4,6,by,1
4,7,All,1
4,7,Casey,1
4,7,Chandler,8
4,7,Joey,4
4,7,Kathy,2
4,7,Monica,4
4,7,Phoebe,6
4,7,Rachel,4
4,7,Ross,6
4,7,by,1
4,8,Burke,1
4,8,Chandler,5
4,8,Doctor,1
4,8,Gunther,1
4,8,Joey,6
4,8,Kathy,2
4,8,Monica,5
4,8,Nurse,1
4,8,Phoebe,3
4,8,Rachel,4
4,8,Ross,4
4,8,Tim,2
4,8,Voice,1
4,8,by,1
4,9,All,1
4,9,Allesandro,3
4,9,Chandler,5
4,9,Gunther,1
4,9,Joanna,3
4,9,Joey,5
4,9,Lynch,2
4,9,Monica,7
4,9,Phoebe,5
4,9,Posner,1
4,9,Rachel,6
4,9,Ross,5
4,9,Sophie,2
4,9,by,1
4,10,All,2
4,10,Chandler,8
4,10,Conductor,2
4,10,Drew,1
4,10,Joey,9
4,10,Mike,1
4,10,Monica,7
4,10,Phoebe,6
4,10,Poughkeepsie,1
4,10,Rachel,4
4,10,Ross,4
4,10,Train,1
4,10,Waiter,2
4,10,Worker,1
4,10,by,1
4,11,Alice,2
4,11,All,4
4,11,Chandler,7
4,11,Frank,2
4,11,Girls,1
4,11,Joey,7
4,11,Monica,7
4,11,Phoebe,4
4,11,Rachel,7
4,11,Ross,5
4,11,Zane,2
4,11,by,1
4,12,Alice,2
4,12,All,4
4,12,Chandler,7
4,12,Frank,2
4,12,Girls,1
4,12,Joey,7
4,12,Monica,7
4,12,Phoebe,4
4,12,Rachel,7
4,12,Ross,5
4,12,Zane,2
4,12,by,1
4,13,All,2
4,13,Chandler,8
4,13,Joey,7
4,13,Joshua,2
4,13,Kathy,3
4,13,Monica,5
4,13,Phoebe,7
4,13,Rachel,7
4,13,Ross,7
4,13,Star,1
4,13,Waltham,3
4,13,by,1
4,14,9,1
4,14,All,2
4,14,Chandler,8
4,14,D,1
4,14,Emily,2
4,14,Guy,2
4,14,Heston,1
4,14,Joey,6
4,14,Joshua,1
4,14,Monica,8
4,14,Phoebe,8
4,14,Rachel,9
4,14,Ross,4
4,14,Waltham,1
4,14,Woman,1
4,14,by,1
4,15,2,1
4,15,All,1
4,15,Attendant,2
4,15,Chandler,6
4,15,Chatracus,1
4,15,Devon,1
4,15,Emily,4
4,15,Janice,5
4,15,Joey,6
4,15,Liam,2
4,15,Monica,5
4,15,Phoebe,7
4,15,Rachel,7
4,15,Ross,5
4,15,Woman,1
4,15,by,1
4,16,All,3
4,16,Chandler,5
4,16,Emily,3
4,16,Gunther,1
4,16,Joey,5
4,16,Joshua,4
4,16,Monica,4
4,16,Phoebe,5
4,16,Rachel,5
4,16,Ross,4
4,16,this,1
4,17,Agent,1
4,17,Alice,1
4,17,Both,1
4,17,Chandler,8
4,17,Doctor,1
4,17,Emily,3
4,17,Frank,1
4,17,Joey,6
4,17,Monica,7
4,17,Phoebe,6
4,17,Rachel,5
4,17,Ross,7
4,17,Treeger,1
4,18,3,1
4,18,Alice,1
4,18,Burgin,2
4,18,Carol,3
4,18,Chandler,5
4,18,Emily,2
4,18,Joey,6
4,18,Joshua,3
4,18,Monica,2
4,18,Phoebe,6
4,18,Rachel,5
4,18,Ross,5
4,18,Susan,2
4,18,by,1
4,18,was,1
4,19,Both,2
4,19,Chandler,4
4,19,Emily,3
4,19,Gunther,1
4,19,Joey,6
4,19,Man,2
4,19,Monica,4
4,19,Phoebe,3
4,19,Rachel,4
4,19,Ross,4
4,19,by,1
4,20,6,1
4,20,Chandler,6
4,20,Gunther,2
4,20,Joey,6
4,20,Joshua,2
4,20,Marjorie,1
4,20,Monica,6
4,20,Phoebe,6
4,20,Rachel,4
4,20,Ross,4
4,20,Saleslady,1
4,20,Woman,1
4,20,Worker,1
4,20,by,1
4,21,All,1
4,21,Chandler,8
4,21,Chip,1
4,21,Chloe,1
4,21,Emily,1
4,21,Geller,1
4,21,Gunther,1
4,21,Joey,7
4,21,Julie,1
4,21,Monica,4
4,21,Phoebe,5
4,21,Rachel,21
4,21,Ross,20
4,21,by,1
4,22,All,1
4,22,Chandler,7
4,22,Doctor,1
4,22,Gunther,2
4,22,Guys,1
4,22,Joey,10
4,22,Monica,6
4,22,Phoebe,6
4,22,Rachel,6
4,22,Ross,7
4,22,Stripper,2
4,22,by,1
4,23,Chandler,6
4,23,Emily,3
4,23,Fergie,1
4,23,Joey,7
4,23,Monica,5
4,23,Phoebe,6
4,23,Rachel,5
4,23,Ross,6
4,23,Vendor,1
4,24,Agent,2
4,24,Chandler,8
4,24,Emily,3
4,24,Felicity,2
4,24,Geller,4
4,24,Housekeeper,1
4,24,Joey,5
4,24,Man,1
4,24,Minister,1
4,24,Minster,1
4,24,Monica,7
4,24,Passenger,2
4,24,Phoebe,5
4,24,Rachel,6
4,24,Ross,7
4,24,Scene,1
4,24,Waiter,1
4,24,Waltham,5
5,1,Agent,1
5,1,Chandler,7
5,1,Emily,2
5,1,Geller,2
5,1,Joey,5
5,1,Minister,1
5,1,Monica,6
5,1,Phoebe,3
5,1,Rachel,6
5,1,Ross,5
5,1,Waltham,2
5,1,by,1
5,2,All,4
5,2,Chandler,8
5,2,Dave,1
5,2,Gunther,1
5,2,Guys,1
5,2,Joey,9
5,2,Monica,10
5,2,Phoebe,6
5,2,Rachel,8
5,2,Ross,5
5,2,by,1
5,3,Alice,1
5,3,All,2
5,3,Chandler,8
5,3,Dan,3
5,3,Doctor,4
5,3,Frank,6
5,3,Harad,5
5,3,Joey,9
5,3,Monica,10
5,3,Nurse,2
5,3,Oberman,1
5,3,Phoebe,10
5,3,Rachel,10
5,3,Ross,7
5,3,by,1
5,4,All,1
5,4,Chandler,8
5,4,Collins,2
5,4,Director,2
5,4,Emeril,1
5,4,Emily,2
5,4,Joey,6
5,4,Monica,9
5,4,Phoebe,6
5,4,Rachel,4
5,4,Ross,7
5,4,Volunteer,1
5,4,by,1
5,5,Chandler,10
5,5,Clerk,1
5,5,Joey,8
5,5,Monica,9
5,5,Phoebe,5
5,5,Rachel,7
5,5,Ross,5
5,5,by,1
5,6,All,1
5,6,Chandler,7
5,6,Danny,2
5,6,Emily,1
5,6,Gunther,1
5,6,Joey,7
5,6,Monica,10
5,6,Phoebe,8
5,6,Rachel,6
5,6,Ross,5
5,6,by,1
5,7,Chandler,9
5,7,Danny,4
5,7,Gunther,1
5,7,Inspector,1
5,7,Joey,10
5,7,Larry,3
5,7,Monica,5
5,7,Phoebe,4
5,7,Rachel,4
5,7,Ross,7
5,7,Tom,1
5,7,by,1
5,8,All,3
5,8,Bing,1
5,8,Chandler,12
5,8,Doctor,1
5,8,Geller,3
5,8,Housekeeper,1
5,8,Joey,6
5,8,Monica,11
5,8,Note,1
5,8,Paramedic,1
5,8,Phoebe,9
5,8,Rachel,7
5,8,Ross,10
5,8,by,1
5,9,All,2
5,9,Chandler,6
5,9,Cynthia,1
5,9,Joey,5
5,9,Leedbetter,1
5,9,Monica,8
5,9,Phoebe,8
5,9,Rachel,8
5,9,Ross,6
5,9,Student,1
5,9,Teacher,3
5,9,by,1
5,10,All,1
5,10,Bob,1
5,10,By,1
5,10,Chandler,7
5,10,Danny,4
5,10,Estelle,1
5,10,Joey,10
5,10,Krista,3
5,10,Man,1
5,10,Monica,6
5,10,Phoebe,5
5,10,Rachel,7
5,10,Ross,6
5,10,Sister,1
5,10,shelf,1
5,11,All,2
5,11,Ben,1
5,11,Chandler,7
5,11,Elizabeth,2
5,11,Hornswoggle,1
5,11,Joey,8
5,11,Leno,1
5,11,Monica,5
5,11,Note,2
5,11,Phoebe,7
5,11,Rachel,6
5,11,Ross,8
5,11,Woman,1
5,11,by,1
5,11,one,1
5,12,All,1
5,12,Both,1
5,12,Chandler,8
5,12,Doug,3
5,12,Gunther,2
5,12,Janice,3
5,12,Joey,8
5,12,Kara,3
5,12,Monica,8
5,12,Phoebe,5
5,12,Rachel,7
5,12,Ross,7
5,12,by,1
5,12,is,1
5,13,All,1
5,13,Chandler,7
5,13,Director,1
5,13,Joey,8
5,13,Man,1
5,13,Monica,7
5,13,Pastor,1
5,13,Phoebe,6
5,13,Rachel,7
5,13,Ross,6
5,13,Ursula,1
5,13,by,1
5,14,All,4
5,14,Chandler,8
5,14,Joey,6
5,14,Ledbetter,1
5,14,Monica,5
5,14,Phoebe,7
5,14,Rachel,7
5,14,Ross,6
5,14,Scene,1
5,14,by,1
5,15,1,1
5,15,2,1
5,15,3,1
5,15,All,2
5,15,Chandler,7
5,15,Guests,1
5,15,Guy,1
5,15,Joey,7
5,15,Katie,3
5,15,Monica,6
5,15,Phoebe,6
5,15,Rachel,6
5,15,Ross,10
5,15,Steve,3
5,15,by,1
5,16,Chandler,6
5,16,Cop,2
5,16,Gary,1
5,16,Guy,1
5,16,Joey,7
5,16,Monica,6
5,16,Phoebe,5
5,16,Rachel,8
5,16,Ross,4
5,16,Salesman,1
5,16,Saleswoman,1
5,16,Voice,1
5,16,Woman,1
5,16,by,1
5,17,All,1
5,17,Chandler,6
5,17,Gary,3
5,17,Girl,2
5,17,Jen,2
5,17,Joey,8
5,17,Man,2
5,17,Monica,9
5,17,Phoebe,4
5,17,Rachel,6
5,17,Radio,1
5,17,Ross,7
5,17,Zelner,2
5,17,by,1
5,18,All,2
5,18,Ben,1
5,18,Carol,4
5,18,Chandler,7
5,18,Director,2
5,18,Joey,8
5,18,Kim,5
5,18,Kyle,1
5,18,Monica,4
5,18,Nancy,4
5,18,Phoebe,5
5,18,Rachel,8
5,18,Raymond,1
5,18,Ross,8
5,18,by,1
5,19,11,1
5,19,All,1
5,19,Caitlin,4
5,19,Chandler,5
5,19,Girl,1
5,19,Joey,3
5,19,Monica,3
5,19,Phoebe,4
5,19,Rachel,4
5,19,Ross,5
5,19,Tribbiani,2
5,19,by,1
5,20,Chandler,7
5,20,Emily,2
5,20,Gary,5
5,20,Joey,7
5,20,Machine,1
5,20,Monica,6
5,20,Phoebe,3
5,20,Rachel,5
5,20,Ross,9
5,20,by,1
5,21,1,1
5,21,2,2
5,21,All,2
5,21,Chandler,7
5,21,Gary,6
5,21,Gunther,1
5,21,Joey,6
5,21,Monica,5
5,21,Phoebe,6
5,21,Rachel,7
5,21,Ross,5
5,21,by,1
5,22,All,2
5,22,Chandler,6
5,22,Doctor,1
5,22,Grip,1
5,22,Husband,1
5,22,Joey,8
5,22,Miller,1
5,22,Monica,9
5,22,Phoebe,5
5,22,Rachel,7
5,22,Ross,7
5,22,Stanley,1
5,22,by,1
5,23,All,1
5,23,Attendant,3
5,23,Boss,1
5,23,Chandler,12
5,23,Croupier,2
5,23,Dealer,2
5,23,Gambler,2
5,23,Guard,2
5,23,Guy,1
5,23,Joey,9
5,23,Lurker,2
5,23,Monica,10
5,23,Phoebe,11
5,23,Rachel,12
5,23,Ross,11
5,23,Tourist,1
5,23,Twin,2
5,23,by,2
6,1,All,1
6,1,Attendant,1
6,1,Chandler,6
6,1,Croupler,1
6,1,Girls,1
6,1,Hitchhiker,3
6,1,Joey,6
6,1,Monica,5
6,1,Note,1
6,1,Phoebe,6
6,1,Rachel,8
6,1,Ross,7
6,1,by,1
6,1,note,1
6,2,Chandler,4
6,2,Hint,1
6,2,Joey,3
6,2,Karin,1
6,2,Meg,1
6,2,Monica,6
6,2,Phoebe,5
6,2,Rachel,5
6,2,Ross,5
6,2,Russell,1
6,2,Stephanie,1
6,2,by,1
6,2,note,2
6,3,Chandler,7
6,3,Gunther,1
6,3,Joey,6
6,3,Monica,5
6,3,Phoebe,5
6,3,Rachel,6
6,3,Roommate,2
6,3,Ross,8
6,3,by,1
6,4,1,1
6,4,2,1
6,4,3,1
6,4,Alex,1
6,4,All,1
6,4,Chandler,6
6,4,Director,1
6,4,Estelle,1
6,4,Joey,10
6,4,Member,1
6,4,Monica,7
6,4,Phoebe,6
6,4,Professor,1
6,4,Rachel,9
6,4,Ross,7
6,4,Russell,1
6,4,Student,1
6,4,by,1
6,5,1,1
6,5,2,2
6,5,Chandler,6
6,5,Gunther,1
6,5,Joey,7
6,5,Judge,1
6,5,Monica,6
6,5,Owner,1
6,5,Passerby,1
6,5,Phoebe,7
6,5,Rachel,5
6,5,Ross,5
6,5,Woman,2
6,5,by,1
6,5,note,1
6,6,Chandler,9
6,6,Joey,7
6,6,Monica,7
6,6,Phoebe,5
6,6,Rachel,7
6,6,Ross,4
6,6,by,1
6,7,Chandler,6
6,7,Janine,4
6,7,Joey,4
6,7,Monica,4
6,7,Park,1
6,7,Perk,1
6,7,Phoebe,5
6,7,Rachel,5
6,7,Ross,6
6,7,by,1
6,8,11,1
6,8,Chandler,7
6,8,Hillary,2
6,8,Janine,2
6,8,Joey,6
6,8,Kim,3
6,8,Lauren,2
6,8,Monica,6
6,8,Phoebe,5
6,8,Rachel,6
6,8,Ross,5
6,8,by,1
6,9,All,2
6,9,Chandler,6
6,9,Geller,3
6,9,Girls,1
6,9,Janine,1
6,9,Joey,5
6,9,Monica,6
6,9,Phoebe,3
6,9,Rachel,4
6,9,Ross,6
6,9,by,1
6,10,All,3
6,10,Chandler,6
6,10,Director,4
6,10,Girl,1
6,10,Guy,2
6,10,Head,1
6,10,Janine,3
6,10,Joey,7
6,10,Monica,7
6,10,Phoebe,4
6,10,Rachel,6
6,10,Ross,7
6,10,by,1
6,11,All,1
6,11,Chandler,8
6,11,Janine,4
6,11,Joey,8
6,11,Monica,8
6,11,Phoebe,6
6,11,Rachel,7
6,11,Ross,5
6,11,by,1
6,12,2,1
6,12,Chandler,8
6,12,Customer,1
6,12,Customers,1
6,12,Gunther,4
6,12,Joey,9
6,12,Monica,9
6,12,Patron,1
6,12,Phoebe,6
6,12,Rachel,8
6,12,Ross,6
6,12,Woman,1
6,12,by,1
6,12,tip,1
6,13,All,1
6,13,Chandler,6
6,13,Customer,2
6,13,Gunther,2
6,13,Jill,4
6,13,Joey,5
6,13,Monica,5
6,13,Phoebe,4
6,13,Rachel,8
6,13,Ross,5
6,13,Woman,3
6,13,by,1
6,14,All,1
6,14,Buffay,1
6,14,Chandler,6
6,14,Fan,1
6,14,Gunther,1
6,14,Jill,4
6,14,Joey,5
6,14,Layer,1
6,14,Monica,7
6,14,Phoebe,5
6,14,Rachel,8
6,14,Ross,6
6,14,Ursula,1
6,14,Vampire,1
6,14,Voice,1
6,14,by,1
6,15,All,1
6,15,Back,1
6,15,Ben,1
6,15,Boyfriend,1
6,15,Carol,1
6,15,Chandler,7
6,15,Hope,1
6,15,Joey,6
6,15,Monica,8
6,15,Note,1
6,15,Nurse,1
6,15,Phoebe,5
6,15,Rachel,6
6,15,Remoray,1
6,15,Ross,6
6,15,Wesley,1
6,15,by,1
6,15,note,1
6,16,Arthur,1
6,16,Barry,1
6,16,Carol,2
6,16,Chandler,6
6,16,Jack,1
6,16,Joey,4
6,16,Monica,7
6,16,Note,1
6,16,Phoebe,4
6,16,Rachel,5
6,16,Roger,1
6,16,Ross,5
6,16,Susan,1
6,16,Woman,1
6,16,by,1
6,17,Carl,2
6,17,Chandler,8
6,17,Doctor,1
6,17,Gunther,1
6,17,Instructor,1
6,17,Janice,1
6,17,Joey,6
6,17,Like,1
6,17,Monica,5
6,17,Phoebe,5
6,17,Rachel,5
6,17,Receptionist,1
6,17,Ross,7
6,17,Voice,1
6,17,by,1
6,18,1,1
6,18,2,1
6,18,Burt,3
6,18,Chandler,9
6,18,Dana,2
6,18,Elizabeth,4
6,18,Guys,1
6,18,Joey,11
6,18,Lydia,1
6,18,Mel,1
6,18,Monica,7
6,18,Phoebe,8
6,18,Rachel,7
6,18,Ross,6
6,18,by,1
6,19,All,3
6,19,Chandler,8
6,19,Eldad,1
6,19,Elizabeth,5
6,19,Feesen,1
6,19,Guy,1
6,19,Joey,6
6,19,Monica,5
6,19,Patrick,1
6,19,Phoebe,6
6,19,Rachel,6
6,19,Ross,8
6,19,Sebastian,1
6,19,by,1
6,20,2,2
6,20,5,3
6,20,All,1
6,20,Chandler,9
6,20,Interviewer,1
6,20,Janice,1
6,20,Joey,9
6,20,Leedbetter,1
6,20,Lorraine,1
6,20,Monica,5
6,20,Phoebe,7
6,20,Rachel,4
6,20,Ross,6
6,20,by,1
6,21,All,1
6,21,Chandler,8
6,21,Elizabeth,3
6,21,Estelle,1
6,21,Joey,7
6,21,Monica,7
6,21,Paul,6
6,21,Phoebe,7
6,21,Producer,1
6,21,Rachel,8
6,21,Ross,6
6,21,Wayne,3
6,21,by,1
6,22,Chandler,4
6,22,Cleaner,3
6,22,Clerk,1
6,22,Elizabeth,4
6,22,Gunther,1
6,22,Joey,6
6,22,Monica,5
6,22,Official,3
6,22,Paul,5
6,22,Phoebe,6
6,22,Rachel,6
6,22,Ross,4
6,22,by,1
6,23,Chandler,8
6,23,Customer,1
6,23,Gunther,1
6,23,Jeweler,2
6,23,Joey,5
6,23,Monica,1
6,23,Paul,5
6,23,Phoebe,8
6,23,Rachel,6
6,23,Ross,6
6,23,by,1
6,24,Alexander,1
6,24,All,1
6,24,Bowmont,1
6,24,Chandler,8
6,24,Date,1
6,24,Elizabeth,2
6,24,Girls,1
6,24,Guy,1
6,24,Joey,9
6,24,Lisa,1
6,24,Monica,9
6,24,Note,3
6,24,Phoebe,8
6,24,Rachel,8
6,24,Richard,3
6,24,Ross,6
6,24,Sarah,1
6,24,Thompson,3
6,24,Waitress,1
6,24,Zoe,1
6,24,by,1
6,24,d,1
6,25,Chandler,4
6,25,Joey,5
6,25,Monica,6
6,25,Narrator,1
6,25,Phoebe,4
6,25,Rachel,5
6,25,Richard,4
6,25,Ross,2
6,25,by,1
7,1,Chandler,9
7,1,Joey,5
7,1,Monica,7
7,1,Phoebe,7
7,1,Rachel,5
7,1,Ross,5
7,1,by,1
7,2,Chandler,6
7,2,Geller,2
7,2,Joey,5
7,2,Monica,6
7,2,Phoebe,5
7,2,Rachel,6
7,2,Ross,6
7,2,Woman,1
7,2,by,1
7,3,Chandler,7
7,3,Geller,2
7,3,Joey,7
7,3,Monica,7
7,3,Phoebe,6
7,3,Rachel,6
7,3,Ross,7
7,3,by,1
7,4,1,1
7,4,12,1
7,4,2,1
7,4,Chandler,6
7,4,Director,1
7,4,E,1
7,4,Hilda,1
7,4,Joey,6
7,4,Kathy,1
7,4,Mac,1
7,4,Man,1
7,4,Monica,6
7,4,Phoebe,7
7,4,Rachel,9
7,4,Remoray,1
7,4,Ross,4
7,4,Tag,4
7,4,Terry,2
7,4,by,1
7,5,Chandler,8
7,5,Joey,4
7,5,Kyle,1
7,5,Melissa,1
7,5,Monica,6
7,5,Pees,1
7,5,Phoebe,7
7,5,Photographer,1
7,5,Rachel,6
7,5,Ross,5
7,5,Tag,4
7,5,Whitney,2
7,5,by,1
7,6,1,1
7,6,6,1
7,6,Chandler,5
7,6,Joey,6
7,6,Julie,1
7,6,Monica,6
7,6,Phoebe,6
7,6,Rachel,6
7,6,Ross,6
7,6,Woman,1
7,6,by,1
7,7,Chandler,5
7,7,Colonel,1
7,7,Date,1
7,7,Erin,4
7,7,Guy,1
7,7,Janice,3
7,7,Joey,6
7,7,Librarian,1
7,7,Monica,3
7,7,Phoebe,5
7,7,Rachel,6
7,7,Ross,5
7,7,Student,1
7,7,Waitress,1
7,7,Woman,1
7,7,by,1
7,8,All,1
7,8,Chandler,6
7,8,Joey,4
7,8,Monica,6
7,8,Phoebe,5
7,8,Rachel,5
7,8,Ross,5
7,8,Tag,3
7,8,by,1
7,8,one,1
7,9,4,2
7,9,All,1
7,9,Ben,1
7,9,Chandler,7
7,9,Gary,1
7,9,Joey,5
7,9,Knocker,1
7,9,Man,1
7,9,Monica,8
7,9,Phoebe,6
7,9,Rachel,5
7,9,Ross,6
7,9,Tag,3
7,9,Woman,1
7,9,Zelner,1
7,9,by,1
7,10,8,1
7,10,All,1
7,10,Ben,3
7,10,Chandler,7
7,10,Guest,1
7,10,Gunther,1
7,10,Joey,7
7,10,Monica,6
7,10,Phoebe,7
7,10,Rachel,7
7,10,Ross,5
7,10,Salesman,1
7,10,by,1
7,11,8,1
7,11,9,2
7,11,Chandler,7
7,11,David,3
7,11,Frannie,1
7,11,Guest,1
7,11,Joey,7
7,11,Millie,2
7,11,Monica,6
7,11,Phoebe,6
7,11,Rachel,7
7,11,Ross,6
7,11,Waiter,1
7,11,Woman,1
7,11,by,1
7,12,All,1
7,12,Chandler,8
7,12,Detector,1
7,12,Fireman,1
7,12,Joey,6
7,12,Monica,8
7,12,Phoebe,6
7,12,Rachel,6
7,12,Ross,6
7,12,Tag,5
7,12,Voice,1
7,12,by,1
7,13,Chandler,4
7,13,Earl,4
7,13,Geller,4
7,13,Guy,1
7,13,Joey,6
7,13,Marge,1
7,13,Monica,6
7,13,Phoebe,7
7,13,Rachel,6
7,13,Ross,6
7,13,Supervisor,2
7,13,Tasks,1
7,13,by,1
7,13,reads,1
7,14,All,4
7,14,Chandler,9
7,14,Geller,3
7,14,Joey,12
7,14,Monica,10
7,14,Note,1
7,14,Phoebe,11
7,14,Rachel,11
7,14,Ross,10
7,14,Sportscar,1
7,14,Tag,5
7,14,Ursula,1
7,14,Woman,1
7,14,by,1
7,14,to,2
7,15,8,1
7,15,All,1
7,15,Cecilia,5
7,15,Chandler,5
7,15,Dina,3
7,15,Director,2
7,15,Fredrick,1
7,15,Friends,1
7,15,Guy,1
7,15,Joey,6
7,15,Kudrow,1
7,15,Lockhart,2
7,15,Monica,5
7,15,Perry,1
7,15,Phoebe,5
7,15,Rachel,7
7,15,Ross,4
7,15,Tom,1
7,15,Writer,1
7,15,by,1
7,16,9,1
7,16,Ben,5
7,16,Carol,2
7,16,Chandler,7
7,16,Joey,9
7,16,Monica,7
7,16,Phoebe,7
7,16,Rachel,6
7,16,Ross,4
7,16,by,1
7,17,8,1
7,17,Chandler,6
7,17,Joey,7
7,17,Kristen,3
7,17,Megan,2
7,17,Monica,7
7,17,Phoebe,5
7,17,Rachel,4
7,17,Ross,6
7,17,Woman,3
7,17,by,1
7,18,8,1
7,18,Announcer,2
7,18,Ashley,1
7,18,Chandler,2
7,18,Guy,1
7,18,Jake,1
7,18,Joey,7
7,18,Lewis,2
7,18,Monica,6
7,18,Morse,2
7,18,Phoebe,6
7,18,Presenter,1
7,18,Rachel,7
7,18,Ross,4
7,18,are,1
7,18,by,1
7,19,Cassie,5
7,19,Chandler,2
7,19,Director,2
7,19,Estelle,1
7,19,Joey,6
7,19,Monica,9
7,19,Phoebe,7
7,19,Rachel,5
7,19,Ross,5
7,19,Woman,1
7,19,by,1
7,20,6,1
7,20,Chandler,6
7,20,Gunther,1
7,20,Joey,6
7,20,Melissa,4
7,20,Monica,5
7,20,Phoebe,4
7,20,Rachel,8
7,20,Ross,3
7,20,Woman,1
7,20,by,1
7,21,All,1
7,21,Chandler,6
7,21,Joey,5
7,21,Monica,4
7,21,Phoebe,3
7,21,Rachel,3
7,21,Ross,5
7,21,by,1
7,22,All,1
7,22,Announcer,1
7,22,Chandler,5
7,22,Drag,1
7,22,Guy,1
7,22,Helena,3
7,22,Jake,1
7,22,Joey,5
7,22,Line,1
7,22,Man,1
7,22,Monica,6
7,22,Note,1
7,22,Phoebe,6
7,22,Policeman,2
7,22,Rachel,6
7,22,Ross,6
7,22,Scene,1
7,22,Waitress,1
7,22,Woman,1
7,22,by,1
7,23,All,1
7,23,Bing,3
7,23,Chandler,7
7,23,Director,5
7,23,Geller,6
7,23,Gunther,1
7,23,Joey,11
7,23,Monica,11
7,23,Note,1
7,23,Phoebe,15
7,23,Rabbi,2
7,23,Rachel,14
7,23,Richard,6
7,23,Ross,12
7,23,Woman,1
7,23,by,1
7,24,Ben,1
7,24,Chandler,1
7,24,Conan,1
7,24,Courtney,1
7,24,David,1
7,24,Director,1
7,24,Friends,1
7,24,Jennifer,1
7,24,Joey,1
7,24,Lisa,1
7,24,Matt,1
7,24,Matthew,1
7,24,Monica,1
7,24,Note,1
7,24,Phoebe,1
7,24,Rachel,1
7,24,Richard,1
7,24,Ross,1
7,24,by,1
7,24,is,1
8,1,Ashley,1
8,1,Bandleader,2
8,1,Bing,1
8,1,Chandler,4
8,1,Funny,1
8,1,Geller,1
8,1,Gert,1
8,1,Girl,1
8,1,Girls,1
8,1,Joey,4
8,1,Mona,3
8,1,Monica,4
8,1,Phillips,2
8,1,Phoebe,5
8,1,Photographer,2
8,1,Rachel,5
8,1,Ross,4
8,1,Waiter,1
8,1,Woman,1
8,1,by,1
8,1,funny,1
8,2,Chandler,6
8,2,Clerk,1
8,2,Guest,1
8,2,Joey,4
8,2,Monica,4
8,2,Phoebe,7
8,2,Rachel,6
8,2,Ross,6
8,2,Tag,3
8,2,Wedding,1
8,2,by,1
8,3,Agent,1
8,3,Chandler,5
8,3,Clerk,1
8,3,Employee,1
8,3,Joey,6
8,3,Long,1
8,3,Man,1
8,3,Monica,5
8,3,Nurse,1
8,3,Phoebe,6
8,3,Rachel,5
8,3,Ross,6
8,3,Treeger,2
8,3,Woman,2
8,3,by,1
8,4,All,1
8,4,Chandler,7
8,4,Joey,7
8,4,Kristen,1
8,4,Monica,7
8,4,Note,1
8,4,Phoebe,5
8,4,Rachel,5
8,4,Ross,8
8,4,by,1
8,5,Bob,5
8,5,Chandler,5
8,5,Director,1
8,5,Franklin,2
8,5,Guy,1
8,5,Joey,4
8,5,Kash,2
8,5,Mona,1
8,5,Monica,4
8,5,Phoebe,5
8,5,Rachel,4
8,5,Ramoray,1
8,5,Ross,5
8,5,Star,1
8,5,Tim,3
8,5,by,1
8,6,Ballerina,1
8,6,Cape,1
8,6,Chandler,5
8,6,Clown,1
8,6,Cowgirl,1
8,6,Eric,2
8,6,Girl,1
8,6,Gunther,1
8,6,Joey,4
8,6,Kid,1
8,6,Kids,1
8,6,Lapse,1
8,6,Mona,2
8,6,Monica,5
8,6,Phoebe,4
8,6,Rachel,4
8,6,Ross,4
8,6,Ursula,3
8,6,Witch,1
8,6,by,1
8,7,Brenda,4
8,7,Chandler,4
8,7,Daughter,2
8,7,Eric,4
8,7,Gunther,1
8,7,Joey,4
8,7,Monica,5
8,7,Phoebe,4
8,7,Rachel,6
8,7,Ross,5
8,7,Translation,2
8,7,by,1
8,8,Chandler,6
8,8,Green,6
8,8,Hooker,2
8,8,Joey,7
8,8,Mona,5
8,8,Monica,5
8,8,Phoebe,5
8,8,Rachel,6
8,8,Ross,6
8,8,Stripper,1
8,8,Stu,1
8,8,Waiter,1
8,8,by,1
8,8,here,1
8,8,understand,1
8,9,Chandler,3
8,9,Joey,4
8,9,Monica,4
8,9,Phoebe,4
8,9,Rachel,4
8,9,Ross,2
8,9,Will,2
8,9,by,1
8,10,Ben,1
8,10,Bobby,2
8,10,Chandler,5
8,10,Dina,4
8,10,Joey,5
8,10,Monica,5
8,10,Phoebe,5
8,10,Rachel,7
8,10,Ross,3
8,10,Styler,1
8,10,Teacher,1
8,10,by,1
8,11,Chandler,4
8,11,Doug,3
8,11,Joey,2
8,11,Locksmith,1
8,11,Mona,4
8,11,Monica,4
8,11,Nurse,1
8,11,Phoebe,5
8,11,Rachel,5
8,11,Roger,1
8,11,Ross,6
8,11,Schiff,1
8,11,by,1
8,12,Chandler,5
8,12,Date,1
8,12,Joey,7
8,12,Monica,5
8,12,Phoebe,4
8,12,Rachel,6
8,12,Ross,7
8,12,Student,1
8,12,Waitress,1
8,12,by,1
8,13,2,1
8,13,All,1
8,13,Chandler,5
8,13,Joey,5
8,13,Long,1
8,13,Monica,5
8,13,Phoebe,4
8,13,Rachel,7
8,13,Ross,5
8,13,by,1
8,14,Chandler,6
8,14,Doctor,1
8,14,Joey,7
8,14,Long,1
8,14,Monica,6
8,14,Phoebe,5
8,14,Rachel,5
8,14,Ross,4
8,14,by,1
8,15,Chandler,3
8,15,Gunther,2
8,15,Joey,5
8,15,Mona,2
8,15,Monica,4
8,15,Phoebe,5
8,15,Rachel,5
8,15,Ross,5
8,15,TV,2
8,15,before,1
8,15,by,1
8,15,it,1
8,16,2,1
8,16,Chandler,4
8,16,Don,2
8,16,Gunther,1
8,16,Joey,4
8,16,Kudrow,1
8,16,Monica,4
8,16,Phoebe,3
8,16,Rachel,3
8,16,Ross,3
8,16,Waiter,2
8,16,by,1
8,17,Chandler,6
8,17,Date,1
8,17,Guy,2
8,17,Jim,2
8,17,Joey,6
8,17,Mona,3
8,17,Monica,6
8,17,Phoebe,4
8,17,Rachel,7
8,17,Ross,4
8,17,Zelner,2
8,17,by,1
8,17,color,1
8,18,All,1
8,18,Chandler,4
8,18,Dan,1
8,18,Geller,2
8,18,Joey,4
8,18,Lisa,2
8,18,Man,2
8,18,Monica,5
8,18,Note,1
8,18,Parker,4
8,18,Phoebe,5
8,18,Rachel,4
8,18,Ross,6
8,18,Woman,2
8,18,by,1
8,19,106,1
8,19,204,1
8,19,214,1
8,19,224,1
8,19,304,1
8,19,322,1
8,19,401,1
8,19,413,1
8,19,417,1
8,19,507,1
8,19,512,1
8,19,513,1
8,19,521,1
8,19,603,1
8,19,604,1
8,19,605,1
8,19,607,1
8,19,608,1
8,19,609,1
8,19,613,1
8,19,618,1
8,19,619,1
8,19,703,1
8,19,706,1
8,19,711,1
8,19,712,1
8,19,722,1
8,19,Both,1
8,19,Chandler,10
8,19,Gunther,2
8,19,Host,1
8,19,Interviewer,7
8,19,Janine,1
8,19,Jill,1
8,19,Joey,13
8,19,Lauren,1
8,19,Mike,1
8,19,Monica,5
8,19,Phoebe,5
8,19,Rachel,9
8,19,Ross,9
8,19,Woman,1
8,19,by,1
8,20,Chandler,3
8,20,Erin,1
8,20,Green,5
8,20,Joey,4
8,20,Man,1
8,20,Monica,5
8,20,Phoebe,5
8,20,Rachel,6
8,20,Ray,1
8,20,Ross,6
8,20,Woman,1
8,20,by,1
8,21,All,1
8,21,Cashier,1
8,21,Chandler,6
8,21,Critic,1
8,21,Interviewer,1
8,21,Joey,6
8,21,Katie,2
8,21,Monica,6
8,21,Phoebe,4
8,21,Rachel,7
8,21,Ross,6
8,21,Scene,1
8,21,Teacher,4
8,21,admits,1
8,21,by,1
8,22,Chandler,5
8,22,Estelle,1
8,22,Joey,6
8,22,Long,1
8,22,Monica,5
8,22,Phoebe,6
8,22,Rachel,7
8,22,Ross,6
8,22,by,1
8,22,effective,1
8,23,Bastard,1
8,23,Birth,1
8,23,Bitch,1
8,23,Chandler,4
8,23,Cliff,1
8,23,Doctor,1
8,23,Geller,2
8,23,Janice,1
8,23,Joey,8
8,23,Julie,2
8,23,Long,2
8,23,Man,4
8,23,Marc,2
8,23,Monica,4
8,23,Nurse,3
8,23,Phoebe,7
8,23,Rachel,9
8,23,Ross,10
8,23,Sid,1
8,23,Woman,3
8,23,by,1
8,24,Chandler,4
8,24,Cliff,2
8,24,Janice,2
8,24,Joey,3
8,24,Long,2
8,24,Monica,4
8,24,Note,1
8,24,Phoebe,4
8,24,Rachel,6
8,24,Ross,6
8,24,by,1
9,1,Chandler,6
9,1,Geller,5
9,1,Joey,7
9,1,Monica,5
9,1,Nurse,2
9,1,Phoebe,4
9,1,Rachel,5
9,1,Ross,6
9,1,by,1
9,2,Chandler,7
9,2,Everyone,1
9,2,Gunther,1
9,2,Joey,5
9,2,McKenna,3
9,2,Monica,6
9,2,Phoebe,5
9,2,Rachel,7
9,2,Ross,5
9,2,by,1
9,3,Boy,1
9,3,Chandler,7
9,3,Ellen,2
9,3,Everyone,2
9,3,Gettleman,1
9,3,Girl,1
9,3,Joey,9
9,3,Mike,4
9,3,Monica,7
9,3,Nurse,1
9,3,Phoebe,7
9,3,Rachel,7
9,3,Receptionist,2
9,3,Ross,7
9,3,SCENE,1
9,3,Sally,1
9,3,TO,1
9,3,Woman,1
9,3,by,1
9,3,goes,1
9,4,Chandler,2
9,4,Gunther,1
9,4,Hayley,3
9,4,Joey,5
9,4,Mike,4
9,4,Monica,4
9,4,Phoebe,5
9,4,Rachel,2
9,4,Ross,5
9,4,by,1
9,4,roommate,1
9,5,Chandler,6
9,5,Claudia,1
9,5,Geller,1
9,5,Joey,5
9,5,Ken,1
9,5,Monica,6
9,5,Phoebe,5
9,5,Rachel,5
9,5,Ross,5
9,5,Waiter,4
9,5,Waiters,1
9,5,by,1
9,5,do,1
9,5,everyone,1
9,5,her,1
9,5,is,1
9,5,look,1
9,5,out,1
9,5,request,1
9,5,this,2
9,5,up,1
9,6,Chandler,5
9,6,David,4
9,6,Grumpus,1
9,6,Joey,7
9,6,Mike,3
9,6,Monica,6
9,6,Phoebe,7
9,6,Rachel,5
9,6,Ross,7
9,6,Sandy,7
9,6,Wigglemunch,1
9,6,about,1
9,6,at,1
9,6,by,1
9,6,goes,1
9,6,kitchen,1
9,6,me,1
9,6,nanny,1
9,6,said,2
9,6,thing,1
9,6,thinking,1
9,7,Bitsy,4
9,7,Catherine,1
9,7,Chandler,4
9,7,Joey,4
9,7,Mike,4
9,7,Monica,4
9,7,Phoebe,5
9,7,Rachel,4
9,7,Ross,4
9,7,Theodore,3
9,7,animals,1
9,7,by,1
9,7,experience,1
9,7,like,1
9,7,parents,1
9,7,rich,1
9,7,say,1
9,8,6,1
9,8,Amy,1
9,8,Chandler,2
9,8,Emma,1
9,8,Everyone,1
9,8,Joey,2
9,8,Monica,2
9,8,Phoebe,2
9,8,Rachel,1
9,8,Ross,1
9,8,air,1
9,8,announcer,1
9,8,attack,1
9,8,bathroom,1
9,8,cry,1
9,8,crying,1
9,8,door,1
9,8,down,1
9,8,ear,1
9,8,face,1
9,8,hair,1
9,8,hand,1
9,8,happy,1
9,8,laughs,1
9,8,line,1
9,8,nods,1
9,8,note,1
9,8,out,1
9,8,over,1
9,8,phone,1
9,8,plate,1
9,8,rejected,1
9,8,says,1
9,8,shocked,1
9,8,time,1
9,8,voice,1
9,8,week,1
9,9,8,1
9,9,9,1
9,9,BILL,1
9,9,CHANDLER,5
9,9,JOEY,4
9,9,KEVIN,1
9,9,LYNN,1
9,9,MIKE,4
9,9,MONICA,5
9,9,PHOEBE,4
9,9,RACHEL,4
9,9,ROSS,4
9,9,Scene,3
9,9,WAITER,1
9,9,by,1
9,9,cute,1
9,10,Ben,1
9,10,Both,1
9,10,Chandler,14
9,10,Claudia,1
9,10,Joey,4
9,10,Ken,1
9,10,Monica,9
9,10,Others,2
9,10,Phoebe,6
9,10,Rachel,5
9,10,Ross,5
9,10,Wendy,4
9,10,around,1
9,10,by,1
9,10,case,1
9,10,exclaiming,1
9,10,forth,1
9,10,singing,1
9,10,something,1
9,11,All,1
9,11,Chandler,6
9,11,Director,4
9,11,Drake,2
9,11,Extra,1
9,11,Gavin,4
9,11,Guy,1
9,11,Interviewer,1
9,11,Joey,5
9,11,Man,2
9,11,Monica,5
9,11,Phoebe,5
9,11,Rachel,6
9,11,Ross,6
9,11,Waitress,1
9,11,Zelner,2
9,11,by,1
9,11,extra,1
9,11,said,1
9,12,9,1
9,12,Chandler,7
9,12,Gavin,3
9,12,Heather,1
9,12,Joey,5
9,12,Mike,4
9,12,Molly,4
9,12,Monica,4
9,12,Phoebe,5
9,12,Rachel,6
9,12,Ross,5
9,12,Woman,1
9,12,by,1
9,13,Chandler,7
9,13,Gavin,1
9,13,Joey,5
9,13,Michelle,3
9,13,Mike,3
9,13,Molly,1
9,13,Monica,5
9,13,Phoebe,5
9,13,Rachel,5
9,13,Ross,5
9,13,Sonia,1
9,13,Woman,1
9,13,by,1
9,13,friend,1
9,13,girl,2
9,13,question,1
9,14,2,1
9,14,9,1
9,14,Chandler,6
9,14,Joey,8
9,14,Monica,6
9,14,Phoebe,4
9,14,Rachel,6
9,14,Ross,5
9,14,Steve,4
9,14,Waiter,3
9,14,night,1
9,15,1,1
9,15,All,2
9,15,Boss,1
9,15,Chandler,5
9,15,Intern,2
9,15,Joey,7
9,15,Lennart,3
9,15,Lowell,1
9,15,Monica,6
9,15,Mugger,1
9,15,Phoebe,5
9,15,Rachel,2
9,15,Receptionist,2
9,15,Ross,6
9,15,also,1
9,15,book,1
9,15,by,1
9,15,do,1
9,15,it,1
9,15,listen,1
9,15,look,1
9,15,positive,1
9,15,reads,1
9,15,says,1
9,15,that,1
9,15,this,1
9,15,thought,1
9,16,Chandler,7
9,16,Handyman,1
9,16,Joey,6
9,16,Mike,4
9,16,Monica,8
9,16,Phoebe,5
9,16,Rachel,6
9,16,Ross,3
9,16,Woman,1
9,17,Chandler,5
9,17,Joey,5
9,17,Kori,1
9,17,Manny,1
9,17,Mike,2
9,17,Monica,6
9,17,Phoebe,4
9,17,Rachel,4
9,17,Ross,6
9,17,Tom,1
9,17,by,1
9,17,discuss,1
9,17,man,1
9,17,speech,1
9,17,yourself,1
9,18,All,1
9,18,Chandler,3
9,18,Everybody,1
9,18,Everyone,1
9,18,Gunther,1
9,18,Joey,4
9,18,Message,1
9,18,Monica,3
9,18,Phoebe,4
9,18,Racel,1
9,18,Rachel,3
9,18,Ross,3
9,18,Steve,1
9,18,Story,1
9,18,TV,1
9,18,by,1
9,18,is,1
9,18,message,1
9,18,now,1
9,18,this,1
9,18,up,1
9,19,Chandler,5
9,19,Chandlers,1
9,19,Customer,1
9,19,Director,1
9,19,Drake,2
9,19,Joey,4
9,19,Lassiter,1
9,19,Monica,6
9,19,Olivia,1
9,19,Phoebe,4
9,19,Rachel,6
9,19,Receptionist,2
9,19,Ross,5
9,19,Story,1
9,19,actress,1
9,19,by,1
9,19,example,1
9,19,lapse,1
9,19,question,1
9,20,16,1
9,20,7,1
9,20,Ashford,1
9,20,Chandler,6
9,20,Charlie,4
9,20,Dirk,1
9,20,Everyone,1
9,20,Gunther,1
9,20,Jane,1
9,20,Joey,5
9,20,Lowder,1
9,20,Message,1
9,20,Monica,9
9,20,One,1
9,20,Phoebe,6
9,20,Rache,1
9,20,Rachel,7
9,20,Ross,7
9,20,Spafford,2
9,20,Story,1
9,20,by,1
9,20,lady,2
9,20,me,1
9,20,mind,1
9,20,one,1
9,20,too,1
9,20,woman,1
9,21,All,1
9,21,Chandler,5
9,21,Charlie,3
9,21,Janice,2
9,21,Joey,5
9,21,Monica,6
9,21,Nurse,1
9,21,Phoebe,6
9,21,Rachel,5
9,21,Receptionist,2
9,21,Ross,4
9,21,Story,1
9,21,Teleplay,1
9,21,by,1
9,21,say,1
9,22,Chandler,6
9,22,Charlie,5
9,22,Connelly,1
9,22,David,1
9,22,Jeanette,1
9,22,Joey,4
9,22,Monica,4
9,22,Phoebe,6
9,22,Rachel,6
9,22,Ross,4
9,22,Sherman,2
9,22,Stranger,1
9,22,Zack,4
9,22,assistant,1
9,22,by,1
9,22,it,1
9,22,you,1
9,23,Chandler,8
9,23,Charlie,5
9,23,David,4
9,23,Joey,7
9,23,MOnica,1
9,23,Mike,2
9,23,Monica,5
9,23,Phoebe,4
9,23,Rachel,5
9,23,Ross,6
9,23,Sarah,1
9,23,Waiter,1
9,23,Woman,1
9,23,by,1
9,23,it,1
9,23,lapse,1
9,23,like,1
9,23,line,1
9,23,note,1
9,23,say,1
9,24,Chandler,6
9,24,Charlie,5
9,24,Clerk,1
9,24,Joey,5
9,24,Mike,5
9,24,Monica,7
9,24,Oberblau,1
9,24,Paleontologist,1
9,24,Phoebe,4
9,24,Rachel,6
9,24,Ross,5
9,24,Steele,1
9,24,Woman,1
9,24,by,1
9,24,discovered,1
9,24,said,1
9,24,thing,1
9,24,tie,1
10,1,Both,1
10,1,Chandler,6
10,1,Charlie,3
10,1,Joey,3
10,1,Mike,2
10,1,Monica,5
10,1,Phoebe,5
10,1,Precious,2
10,1,Rachel,4
10,1,Ross,4
10,1,by,1
10,1,thing,1
10,2,Bill,2
10,2,Chandler,4
10,2,Charlie,3
10,2,Colleen,2
10,2,Joey,6
10,2,Monica,4
10,2,Owen,2
10,2,Phoebe,4
10,2,Rachel,5
10,2,Ross,5
10,2,by,1
10,3,Amanda,4
10,3,Assistant,1
10,3,Chandler,7
10,3,Glenda,1
10,3,Joey,6
10,3,Monica,6
10,3,Phoebe,5
10,3,Rachel,5
10,3,Ross,5
10,3,by,1
10,3,first,1
10,3,scene,1
10,4,Chandler,3
10,4,Emma,1
10,4,Estelle,1
10,4,Everybody,1
10,4,Jack,2
10,4,Joey,2
10,4,Judy,2
10,4,Monica,3
10,4,Phoebe,3
10,4,Rachel,4
10,4,Ross,4
10,4,Scene,1
10,4,by,1
10,4,this,1
10,5,All,1
10,5,Amy,9
10,5,Announcer,2
10,5,Chandler,4
10,5,Charlie,1
10,5,Joey,7
10,5,Mike,3
10,5,Monica,4
10,5,Phoebe,5
10,5,Rachel,9
10,5,Ross,4
10,5,by,1
10,5,says,1
10,5,thought,1
10,6,All,1
10,6,Benjamin,4
10,6,Biely,1
10,6,Chandler,7
10,6,Charlie,4
10,6,Joey,9
10,6,Li,1
10,6,Monica,6
10,6,Phoebe,6
10,6,Rachel,9
10,6,Ross,7
10,6,by,1
10,6,commercial,1
10,7,Chandler,7
10,7,Joey,4
10,7,Laura,3
10,7,Mike,5
10,7,Monica,6
10,7,Phoebe,6
10,7,Rachel,4
10,7,Ross,5
10,7,Scene,1
10,7,by,1
10,7,children,1
10,7,guy,3
10,8,All,2
10,8,Chandler,5
10,8,Host,1
10,8,Joey,6
10,8,Monica,6
10,8,Phoebe,6
10,8,Rachel,6
10,8,Ross,6
10,8,beautiful,1
10,8,by,1
10,8,like,1
10,8,this,1
10,9,Chandler,5
10,9,Erica,3
10,9,Girl,1
10,9,Joey,7
10,9,Monica,5
10,9,Phoebe,5
10,9,Rachel,4
10,9,Ross,6
10,9,Sarah,2
10,9,Waiter,2
10,9,by,1
10,9,guy,3
10,9,like,1
10,10,All,1
10,10,Chandler,6
10,10,Guys,1
10,10,Joey,5
10,10,Monica,5
10,10,Phoebe,6
10,10,Rachel,6
10,10,Ross,5
10,10,by,1
10,10,was,1
10,11,Adrienne,1
10,11,Chandler,5
10,11,Donny,4
10,11,Gene,3
10,11,Henrietta,1
10,11,Joey,5
10,11,Man,1
10,11,Missy,2
10,11,Monica,6
10,11,Osmond,1
10,11,Phoebe,4
10,11,Rachel,6
10,11,Ross,6
10,11,Roy,2
10,11,Voice,1
10,11,appears,1
10,11,by,1
10,11,guy,1
10,11,scene,2
10,11,song,1
10,11,stripper,1
10,11,voice,1
10,11,word,1
10,12,2,1
10,12,Chandler,6
10,12,Joey,11
10,12,Mike,7
10,12,Monica,9
10,12,Phoebe,10
10,12,Rachel,7
10,12,Ross,7
10,12,by,1
10,12,dad,1
10,12,father,1
10,12,mom,1
10,12,mother,1
10,13,All,1
10,13,Both,1
10,13,Chandler,5
10,13,Director,1
10,13,Erica,3
10,13,Green,1
10,13,Joey,6
10,13,Monica,5
10,13,Nurse,1
10,13,Phoebe,6
10,13,Rachel,6
10,13,Ross,6
10,13,Tape,1
10,13,Translation,1
10,13,assistant,1
10,13,by,1
10,14,All,1
10,14,Campbell,1
10,14,Chandler,6
10,14,Clerk,1
10,14,Girl,1
10,14,Gunther,1
10,14,Joey,6
10,14,Mackenzie,2
10,14,Man,1
10,14,Mark,1
10,14,Meet,1
10,14,Mike,4
10,14,Monica,6
10,14,Phoebe,6
10,14,Rachel,5
10,14,Realtor,1
10,14,Rita,1
10,14,Ross,4
10,14,Woman,1
10,14,Zellner,1
10,14,by,1
10,15,Both,1
10,15,Chandler,5
10,15,Estelle,1
10,15,Janice,3
10,15,Jennifer,1
10,15,Joey,5
10,15,Lady,1
10,15,Monica,4
10,15,Phoebe,5
10,15,Rachel,3
10,15,Realtor,1
10,15,Ross,5
10,15,Zelner,2
10,15,by,1
10,15,it,1
10,15,machine,1
10,16,All,2
10,16,Chandler,9
10,16,Erica,2
10,16,Everybody,1
10,16,Joey,8
10,16,Monica,9
10,16,Phoebe,8
10,16,Rachel,10
10,16,Ross,8
10,16,by,1
10,16,enjoy,1
10,17,Chandler,6
10,17,Doctor,2
10,17,Erica,5
10,17,Gunther,1
10,17,Joey,3
10,17,Mike,1
10,17,Monica,6
10,17,Nurse,2
10,17,Phoebe,3
10,17,Rachel,5
10,17,Ross,5
10,17,by,1
10,18,1,2
10,18,2,2
10,18,3,1
10,18,8,1
10,18,Chandler,5
10,18,Joey,6
10,18,Man,1
10,18,Monica,7
10,18,Phoebe,9
10,18,Rachel,6
10,18,Ross,9
10,18,agent,1
10,18,by,1
10,18,stewardess,2
