Year_of_prod,Season,Episode_Title,Duration,Summary,Director,Stars,Votes,episode_num_in_season,episode_num_overall,directed_by,written_by,original_air_date,prod_code,us_viewers
1994,1,the one where monica gets a roommate,22,"Monica and the gang introduce Rachel to the ""real world"" after she leaves her fiancŽ at the altar.",James Burrows,8.1,2200,1,1,James Burrows,David Crane & Marta Kauffman,28/04/1994,456650,20200000
1994,1,the one with the sonogram at the end,22,Ross finds out his ex-wife is pregnant. Rachel returns her engagement ring to Barry. Monica becomes stressed when her and Ross's parents come to visit.,James Burrows,8.1,4888,2,2,James Burrows,David Crane & Marta Kauffman,29/09/1994,456652,20200000
1994,1,the one with the thumb,22,Monica becomes irritated when everyone likes her new boyfriend more than she does. Chandler resumes his smoking habit. Phoebe is given $7000 when she finds a thumb in a can of soda.,James Burrows,8.2,4605,3,3,James Burrows,Jeffrey Astrof & Mike Sikowitz,06/10/1994,456651,19500000
1994,1,the one with george stephanopoulos,22,"Joey and Chandler take Ross to a hockey game to take his mind off the anniversary of the first time he slept with Carol, while the girls become depressed when they realize they don't have a 'plan'.",James Burrows,8.1,4468,4,4,James Burrows,Alexa Junge,13/10/1994,456654,19700000
1994,1,the one with the east german laundry detergent,22,"Eager to spend time with Rachel, Ross pretends his washroom is rat-infested so he can join her at the laundromat. Meanwhile, Joey has Monica pose as his girlfriend, and Chandler struggles to break up with his girlfriend.",Pamela Fryman,8.5,4438,5,5,Pamela Fryman,Jeff Greenstein & Jeff Strauss,20/10/1994,456653,18600000
1994,1,the one with the butt,22,Monica's obsessiveness is put to the test after Rachel cleans the apartment. Joey lands a film role as Al Pacino's butt double. Chandler enjoys a relationship with all of the fun but none of the responsibility.,Arlene Sanford,8.1,4274,6,6,Arlene Sanford,Adam Chase & Ira Ungerleider,27/10/1994,456655,18200000
1994,1,the one with the blackout,22,"When New York suffers from a blackout, Ross tries to tell Rachel that he likes her, and Chandler gets stuck in an ATM vestibule with a model.",James Burrows,9,5469,7,7,James Burrows,Jeffrey Astrof & Mike Sikowitz,03/11/1994,456656,23500000
1994,1,the one where nana dies twice,22,Monica and Ross mourn the loss of their grandmother. Chandler is shocked to find that people think he is gay.,James Burrows,8.1,4156,8,8,James Burrows,Marta Kauffman & David Crane,10/11/1994,456657,21100000
1994,1,the one where underdog gets away,22,The gang's plans for Thanksgiving go awry after they get locked out of Monica and Rachel's apartment.,James Burrows,8.2,4038,9,9,James Burrows,Jeff Greenstein & Jeff Strauss,17/11/1994,456659,23100000
1994,1,the one with the monkey,22,The gang make (and break) a pact not to bring dates to their New Years Eve party. Phoebe starts dating a scientist. Ross compensates for his loneliness by getting a monkey.,Peter Bonerz,8.1,4064,10,10,Peter Bonerz,Adam Chase & Ira Ungerleider,15/12/1994,456661,19900000
1995,1,the one with mrs. bing,22,"Chandler's flamboyant romance-novelist mother comes to visit, and Joey catches her kissing Ross. Meanwhile, Monica and Phoebe fight over a guy in a coma.",James Burrows,8.2,3996,11,11,James Burrows,Alexa Junge,05/01/1995,456660,26600000
1995,1,the one with the dozen lasagnas,22,Rachel and Paolo's relationship hits a snag when he makes a pss at Phoebe. Ross refuses to find out the sex of his baby until it's born. Chandler and Joey go shopping for a new kitchen table.,Paul Lazarus,8.2,3926,12,12,Paul Lazarus,Jeffrey Astrof & Mike Sikowitz & Adam Chase & Ira Ungerleider,12/01/1995,456658,24000000
1995,1,the one with the boobies,22,Joey finds out his dad has a mistress. Rachel tries to even the score after Chandler inadvertently catches a glimpse of her breasts. Phoebe dates a shrink who analyzes the gang.,Alan Myerson,8.7,4172,13,13,Alan Myerson,Alexa Junge,19/01/1995,456664,25800000
1995,1,the one with the candy hearts,22,"As Valentine's Day approaches; Ross and his date end up at the same restaurant as Carol and Susan, Joey inadvertently sets Chandler up on a blind date with Janice, and the girls burn mementos of their old boyfriends.",James Burrows,8.3,3866,14,14,James Burrows,Bill Lawrence,09/02/1995,456667,23800000
1995,1,the one with the stoned guy,22,"Monica cooks a gourmet meal for a restaurateur who is looking for a new chef, however he arrives at the apartment stoned. Meanwhile, Ross tries to master 'dirty talk'.",Alan Myerson,8.2,3915,15,15,Alan Myerson,Jeff Greenstein & Jeff Strauss,16/02/1995,456663,24800000
1995,1,the one with two parts: part 1,22,Phoebe feels neglected when Joey falls for her twin sister. Chandler struggles to fire an attractive co-worker. Ross attends Lamaze classes with Carol and Susan.,Michael Lembeck,8.2,3834,16,16,Michael Lembeck,Marta Kauffman & David Crane,23/02/1995,456665A,26100000
1995,1,the one with two parts: part 2,22,"Rachel switches identities with Monica so she can use her health insurance. Meanwhile, Ursula continues to come between Phoebe and Joey.",Michael Lembeck,8.5,3883,17,17,Michael Lembeck,Marta Kauffman & David Crane,23/02/1995,456665B,30500000
1995,1,the one with all the poker,22,"As Rachel interviews for a new job, the girls take on the guys in a game of poker.",James Burrows,8.8,4340,18,18,James Burrows,Jeffrey Astrof & Mike Sikowitz,02/03/1995,456662,30400000
1995,1,the one where the monkey gets away,22,The gang frantically search for Ross's monkey Marcel after Rachel loses him.,Peter Bonerz,8.1,3734,19,19,Peter Bonerz,Jeffrey Astrof & Mike Sikowitz,09/03/1995,456668,29400000
1995,1,the one with the evil orthodontist,22,"Rachel and Barry start dating again, despite the fact that he's now engaged to Mindy; Chandler goes nuts when a woman he likes won't return his phone calls.",Peter Bonerz,7.9,3736,20,20,Peter Bonerz,Doty Abrams,06/04/1995,456669,30000000
1995,1,the one with the fake monica,22,Monica befriends the woman who stole her credit card. Ross is forced to give away Marcel. Joey tries to come up with a less ethnic-sounding stage name.,Gail Mancuso,7.9,3769,21,21,Gail Mancuso,Adam Chase & Ira Ungerleider,27/04/1995,456671,28400000
1995,1,the one with the ick factor,22,Monica gets a shock when she finds out her boyfriend is a high school student. Chandler finds out his colleagues don't like him when Phoebe temps as his secretary.,Robby Benson,8.3,3720,22,22,Robby Benson,Alexa Junge,04/05/1995,456670,29900000
1995,1,the one with the birth,22,"As Carol goes into labor; Ross and Susan argue, Rachel flirts with Carol's doctor, and Joey assists a pregnant single mother.",James Burrows,8.7,3919,23,23,James Burrows,Story by: David Crane & Marta KauffmanTeleplay by: Jeff Greenstein & Jeff Strauss,11/05/1995,456672,28700000
1995,1,the one where rachel finds out,22,"As Ross leaves for China, Chandler accidentally reveals Ross's feelings for Rachel. Joey takes part in a fertility study and is unable to sleep with his new girlfriend.",Kevin Bright,8.9,4187,24,24,Kevin S. Bright,Chris Brown,18/05/1995,456673,31300000
1995,2,the one with ross's new girlfriend,22,"Rachel waits for Ross at the airport, unaware he has a new girlfriend. Meanwhile, Chandler has a frightening experience with Joey's tailor, and Phoebe gives Monica a bad haircut.",Michael Lembeck,8.5,3814,1,25,Michael Lembeck,Jeffrey Astrof & Mike Sikowitz,21/09/1995,457301,32100000
1995,2,the one with the breast milk,22,"Monica goes shopping with Julie and tries to keep it a secret from Rachel. Ross is grossed out by Carol's breast milk. At his day job, Joey competes with a fellow cologne spritzer.",Michael Lembeck,8.2,3669,2,26,Michael Lembeck,Adam Chase & Ira Ungerleider,28/09/1995,457302,29800000
1995,2,the one where heckles dies,22,"After Mr. Heckles dies and leaves all his belongings to Monica and Rachel, Chandler worries he will die alone just like him. Meanwhile, Phoebe and Ross argue over evolution.",Kevin Bright,8.4,3676,3,27,Kevin S. Bright,Michael Curtis & Gregory S. Malins,05/10/1995,457303,30200000
1995,2,the one with phoebe's husband,22,"When the gang find out Phoebe married a gay Canadian ice dancer for a green card, more of their secrets are revealed. Meanwhile, Rachel gives Ross bad advice on his relationship with Julie.",Gail Mancuso,8,3555,4,28,Gail Mancuso,Alexa Junge,12/10/1995,457305,28100000
1995,2,the one with five steaks and an eggplant,22,"The gang are divided by income issues; Monica, Ross and Chandler have money, and Rachel, Phoebe and Joey don't.",Ellen Gittelsohn,8.3,3550,5,29,Ellen Gittelsohn,Chris Brown,19/10/1995,457304,28300000
1995,2,the one with the baby on the bus,22,"Joey and Chandler are left to babysit Ben when Monica takes Ross to the hospital. Meanwhile, Phoebe loses her singing gig at Central Perk to a professional singer.",Gail Mancuso,8.6,3822,6,30,Gail Mancuso,Betsy Borns,02/11/1995,457306,30200000
1995,2,the one where ross finds out,22,"A drunken Rachel calls Ross and reveals her feelings for him on his answering machine. Meanwhile, Monica keeps busy by being Chandler's personal trainer and Phoebe constantly wonders why her current boyfriend won't sleep with her.",Peter Bonerz,9,4319,7,31,Peter Bonerz,Michael Borkow,09/11/1995,457307,30500000
1995,2,the one with the list,22,"With help from Chandler and Joey, Ross makes a list of pros and cons to decide whether to be with Julie or Rachel. Meanwhile, Monica gets a job making dessert with a disgusting synthetic chocolate substitute.",Mary Kay Place,8.5,3581,8,32,Mary Kay Place,David Crane & Marta Kauffman,16/11/1995,457308,32900000
1995,2,the one with phoebe's dad,22,"Phoebe tracks down her father, but isn't sure whether she should meet him. Ross asks Rachel to make a list of pros and cons about him.",Kevin Bright,8,3444,9,33,Kevin S. Bright,Jeffrey Astrof & Mike Sikowitz,14/12/1995,457309,27800000
1996,2,the one with russ,22,Monica gets back together with 'Fun Bobby' and realizes why he is always so upbeat. Rachel starts dating a guy called Russ who bears an uncanny resemblance to Ross.,Thomas Schlamme,8,3591,10,34,Thomas Schlamme,Ira Ungerleider,04/01/1996,457311,32200000
1996,2,the one with the lesbian wedding,22,Rachel's mom comes to visit with big news. Monica caters Carol and Susan's wedding. Phoebe becomes 'possessed' by the spirit of a recently deceased client.,Thomas Schlamme,8.1,3524,11,35,Thomas Schlamme,Doty Abrams,18/01/1996,457312,31600000
1996,2,the one after the superbowl: part 1,22,Ross goes to visit Marcel whilst on a trip to California and discovers he is working in commercials. Joey receives a fan letter from an attractive but unstable woman. Phoebe is asked to sing for children at a library.,Michael Lembeck,8.6,3723,12,36,Michael Lembeck,Jeffrey Astrof & Mike Sikowitz,28/01/1996,457313,52900000
1996,2,the one after the superbowl: part 2,22,"Ross finds Marcel on the set of a new movie, where Chandler bumps into a former schoolmate. Meanwhile, Rachel and Monica compete for the affections of Jean-Claude Van Damme.",Michael Lembeck,8.8,3864,13,37,Michael Lembeck,Michael Borkow,28/01/1996,457314,52900000
1996,2,the one with the prom video,22,The gang watches a home video from the night of Monica and Rachel's prom. Joey gives Chandler a hideous bracelet.,James Burrows,9.4,5736,14,38,James Burrows,Alexa Junge,01/02/1996,457310,33600000
1996,2,the one where ross and rachel... you know,22,Monica becomes infatuated with a friend of her parents when she caters a party for him. Ross and Rachel go on their first date. Joey and Chandler refuse to move when they get a new TV and two armchairs.,Michael Lembeck,8.9,3928,15,39,Michael Lembeck,Michael Curtis & Gregory S. Malins,08/02/1996,457315,32900000
1996,2,the one where joey moves out,22,Joey and Chandler's friendship is jeopardized when Joey decides to move out. Monica worries about her parents finding out about her relationship with Richard when they attend a party together. Rachel and Phoebe go to get tattoos.,Michael Lembeck,8.6,3435,16,40,Michael Lembeck,Betsy Borns,15/02/1996,457316,31100000
1996,2,the one where eddie moves in,22,"Chandler gets a new roommate. Phoebe gets the chance to make a music video for her song ""Smelly Cat"". Ross and Monica clash when he is always at her and Rachel's apartment.",Michael Lembeck,8.3,3407,17,41,Michael Lembeck,Adam Chase,22/02/1996,457317,30200000
1996,2,the one where dr. ramoray dies,22,"Joey's soap opera character is killed off after he brags in an interview that he writes his own lines. Chandler is unnerved by Eddie's strange behavior, while Ross and Rachel compare their past lovers as do Richard and Monica.",Michael Lembeck,8.5,3403,18,42,Michael Lembeck,Story by: Alexa JungeTeleplay by: Michael Borkow,21/03/1996,457318,30100000
1996,2,the one where eddie won't go,22,"Chandler demands that Eddie move out; however, he doesn't seem to get the message. Meanwhile, a book on empowerment for women inspires the girls. In order to pay his bills, Ross convinces Joey to audition for a role he doesn't want.",Michael Lembeck,8.6,3495,19,43,Michael Lembeck,Michael Curtis & Gregory S. Malins,28/03/1996,457319,31200000
1996,2,the one where old yeller dies,22,Phoebe's world view is shattered when she learns how Old Yeller really ends. Monica becomes jealous when Richard starts hanging out with Chandler and Joey. Rachel panics when she learns that Ross has planned their whole life together.,Michael Lembeck,8.2,3295,20,44,Michael Lembeck,Story by: Michael Curtis & Gregory S. MalinsTeleplay by: Adam Chase,04/04/1996,457320,27400000
1996,2,the one with the bullies,22,Chandler and Ross run into two bullies at Central Perk. Monica tries her luck at the stock market to avoid taking a job at a 1950s themed diner. Phoebe drives upstate for a second time to meet her father while Joey and Rachel accompany her.,Michael Lembeck,8.2,3337,21,45,Michael Lembeck,Brian Buckner & Sebastian Jones,25/04/1996,457321,24700000
1996,2,the one with the two parties,22,"Chaos ensues when Rachel's recently divorced parents show up at her surprise birthday party, so the gang has to find ways to keep her parents separated otherwise they'll start fighting.",Michael Lembeck,9,4151,22,46,Michael Lembeck,Alexa Junge,02/05/1996,457322,25500000
1996,2,the one with the chicken pox,22,Phoebe catches chicken pox just as an old flame arrives in town on leave from the Navy. Joey gets a job at Chandler's office. Monica is upset that Richard doesn't have any quirks.,Michael Lembeck,8.1,3360,23,47,Michael Lembeck,Brown Mandell,09/05/1996,457324,26100000
1996,2,the one with barry and mindy's wedding,22,Rachel reluctantly agrees to be maid of honor at her ex-fiancÃ© Barry's wedding. Monica ponders her future with Richard. Joey has to practice kissing guys to get a role in Warren Beatty's new movie but Ross and Chandler are unwilling to help him.,Michael Lembeck,8.2,3335,24,48,Michael Lembeck,Story by: Ira UngerleiderTeleplay by: Brown Mandell,16/05/1996,457323,29000000
1996,3,the one with the princess leia fantasy,22,Monica suffers from insomnia and depression following her breakup with Richard. Joey struggles to accept Chandler and Janice's relationship. Ross confides in Rachel about one of his fantasies.,Gail Mancuso,8.4,3482,1,49,Gail Mancuso,Michael Curtis & Gregory S. Malins,19/09/1996,465251,26760000
1996,3,the one where no one's ready,22,"A stressed Ross desperately and insistently tries to get the rest of the gang ready for a black tie event at the museum, while Joey and Chandler clash over personal belongings and personal space.",Gail Mancuso,9,4637,2,50,Gail Mancuso,Ira Ungerleider,26/09/1996,465252,26730000
1996,3,the one with the jam,22,Monica tries to get over Richard by using her free time to make jam and considers artificial insemination through a sperm bank. Phoebe is stalked by a man who mistakes her for Ursula.,Kevin Bright,8.1,3324,3,51,Kevin S. Bright,Wil Calhoun,03/10/1996,465253,25230000
1996,3,the one with the metaphorical tunnel,22,Chandler tries to get over his fear of commitment. Phoebe poses as Joey's agent after she forgets to tell him about an audition. Ross panics after seeing Ben play with a Barbie doll and tries to convince him to play with more manly toys.,Steve Zuckerman,8.1,3199,4,52,Steve Zuckerman,Alexa Junge,10/10/1996,465254,26100000
1996,3,the one with frank jr.,22,Phoebe has trouble bonding with her half-brother Frank when he comes to visit. Joey attempts to build an entertainment center. Ross is challenged to name the five celebrities he'd like to sleep with most.,Steve Zuckerman,8.1,3292,5,53,Steve Zuckerman,Shana Goldberg-Meehan & Scott Silveri,17/10/1996,465255,23250000
1996,3,the one with the flashback,22,"The gang remember the events three years ago, when several of them almost slept together.",Peter Bonerz,9.1,4291,6,54,Peter Bonerz,David Crane & Marta Kauffman,31/10/1996,465256,23270000
1996,3,the one with the race car bed,22,"Joey becomes a learning extension teacher in soap acting, and loves the respect from even more clueless kids. Monica chooses a ridiculously cheap bed from Janice's ex; Phoebe signs for her ...                See full summaryÂ Â»",Gail Mancuso,8.3,3238,7,55,Gail Mancuso,Seth Kurland,07/11/1996,465257,27360000
1996,3,the one with the giant poking device,22,Chandler is devastated after Joey tells him he saw Janice kissing her ex-husband. Monica accidentally bumps Ben's head into a post when she and Rachel babysit. Phoebe is paranoid if she goes to dentist someone she knows will die.,Gail Mancuso,8.4,3258,8,56,Gail Mancuso,Adam Chase,14/11/1996,465258,28690000
1996,3,the one with the football,22,"Old sibling rivalry between Monica and Ross resurfaces and postpones Thanksgiving dinner when the gang decide to play a game of ""touch"" football.",Kevin Bright,9,4588,9,57,Kevin S. Bright,Ira Ungerleider,21/11/1996,465259,29280000
1996,3,the one where rachel quits,22,Ross accidentally breaks a little girl's leg and tries to help her sell boxes of cookies which recreates Monica's childhood fixation. Rachel quits her job at Central Perk and Joey's Christmas tree selling conflicts with Phoebe's principles.,Terry Hughes,8.1,3268,10,58,Terry Hughes,Gregory S. Malins & Michael Curtis,12/12/1996,465260,25100000
1997,3,the one where chandler can't remember which sister,22,A drunken Chandler fools around with one of Joey's sisters - but he can't remember which one. Ross becomes skeptical when a guy at the diner gets Rachel an interview for a position at Bloomingdales.,Terry Hughes,8.6,3374,11,59,Terry Hughes,Alexa Junge,09/01/1997,465261,29800000
1997,3,the one with all the jealousy,22,"Ross becomes insanely jealous of Mark. Monica hooks up with a co-worker, who writes her a poem with a hidden meaning. One of Joey's numerous lies on his resume is exposed when he takes part in a Broadway production.",Robby Benson,8.2,3213,12,60,Robby Benson,Doty Abrams,16/01/1997,465262,29610000
1997,3,the one where monica and richard are just friends,22,"Monica's willpower is tested when she bumps into Richard. Joey and Rachel exchange their favorite books. Phoebe dates an athletic guy who doesn't realize he has a ""wardrobe malfunction"".",Robby Benson,8.2,3225,13,61,Robby Benson,Michael Borkow,30/01/1997,465265,28030000
1997,3,the one with phoebe's ex-partner,22,"Phoebe is reunited with her former singing partner who thinks ""Smelly Cat"" has hit potential; Chandler dates a woman with a prosthetic leg.",Robby Benson,7.9,3211,14,62,Robby Benson,Wil Calhoun,06/02/1997,465266,28910000
1997,3,the one where ross and rachel take a break,22,Ross seeks solace at a party after a bitter fight with Rachel and ends up in the arms of another woman; Phoebe's date needs an interpreter to communicate.,James Burrows,8.5,3450,15,63,James Burrows,Michael Borkow,13/02/1997,465263,27250000
1997,3,the one with the morning after,22,"Ross is guilt-ridden after sleeping with Chloe and desperately tries to stop Rachel from finding out and when she does, the rest of the gang listen to them argue and end up trapped in Monica's room for the rest of the night.",James Burrows,9.1,4192,16,64,James Burrows,David Crane & Marta Kauffman,20/02/1997,465264,28260000
1997,3,the one without the ski trip,22,"Monica, Chandler, Phoebe and Joey become stuck in the middle of Ross and Rachel's fight following their break-up.",Sam Simon,8.3,3154,17,65,Sam Simon,Shana Goldberg-Meehan & Scott Silveri,06/03/1997,465267,25840000
1997,3,the one with the hypnosis tape,22,Monica goes out with a guy who turns out to be a software billionaire. Chandler's stop smoking hypnosis tape has an unexpected side effect. Frank makes a surprise announcement that he is getting married - to a woman twice his age.,Robby Benson,8.4,3268,18,66,Robby Benson,Seth Kurland,13/03/1997,465269,28070000
1997,3,the one with the tiny t-shirt,22,"Rachel goes on her first date, after splitting from Ross, with Mark. Joey clashes with his co-star in his new play. Monica continues to date Pete, even though she is still not attracted to him.",Terry Hughes,8.2,3147,19,67,Terry Hughes,Adam Chase,27/03/1997,465268,23650000
1997,3,the one with the dollhouse,22,"Monica's aunt dies and leaves her an antique dollhouse that she doesn't want Phoebe to play with; Rachel regrets setting up Chandler with her boss, Joanna.",Terry Hughes,8.1,3134,20,68,Terry Hughes,Wil Calhoun,10/04/1997,465270,24360000
1997,3,the one with the chick and the duck,22,"Joey buys a chick for him and Chandler, Pete offers Monica a job at his restaurant but she is undecided if she should accept it. Ross shows his continued feelings for Rachel when he gives up being on TV for her.",Michael Lembeck,8.7,3359,21,69,Michael Lembeck,Chris Brown,17/04/1997,465271,23220000
1997,3,the one with the screamer,22,"Ross witnesses Rachel's date screaming at people. Meanwhile, Joey becomes upset when Kate is offered a job in Los Angeles; Phoebe refuses to hang up the phone when she is placed on hold by her phone company.",Peter Bonerz,8.3,3185,22,70,Peter Bonerz,Shana Goldberg-Meehan & Scott Silveri,24/04/1997,465272,22630000
1997,3,the one with ross's thing,22,Ross seeks medical help when he finds a mysterious skin condition on his backside. Phoebe struggles to choose between two guys; Monica can't decide what to do about Pete when she thinks he is going to propose.,Shelley Jensen,8.1,3120,23,71,Shelley Jensen,Ted Cohen & Andrew Reich,01/05/1997,465274,24170000
1997,3,the one with the ultimate fighting champion,22,Monica struggles to support Pete in his goal to become the Ultimate Fighting Champion. Chandler is uneasy when his boss playfully slaps his butt. Rachel becomes jealous when Ross starts dating a woman that was introduced to him by Phoebe.,Robby Benson,8.1,3253,24,72,Robby Benson,Story by: Pang-Ni Landrum & Mark KunerthTeleplay by: Shana Goldberg-Meehan & Scott Silveri,08/05/1997,465273,23070000
1997,3,the one at the beach,22,"While at the beach, Phoebe meets a family friend with links to her past; Ross discovers that Rachel still loves him and must decide between her and Bonnie.",Pamela Fryman,8.9,3600,25,73,Pamela Fryman,Story by: Pang-Ni Landrum & Mark KunerthTeleplay by: Adam Chase,15/05/1997,465275,23390000
1997,4,the one with the jellyfish,22,"Ross chooses between Rachel and his bald-headed girlfriend Bonnie; Joey, Chandler, and Monica have a perilous encounter with a jellyfish at the beach.",Shelley Jensen,9.1,4099,1,74,Shelley Jensen,Wil Calhoun,25/09/1997,466601,29430000
1997,4,the one with the cat,22,Phoebe becomes convinced that the spirit of her dead mother is inside a cat. Chandler and Joey are robbed. Monica goes on a date with a guy from her high school.,Shelley Jensen,8.1,3169,2,75,Shelley Jensen,Jill Condon & Amy Toomin,02/10/1997,466602,25540000
1997,4,the one with the 'cuffs,22,Monica tries to avoid criticism when she caters a party for her mother. Chandler ends up half naked and handcuffed to a chair in Rachel's boss's office. Joey tries to get educated from a salesman trying to sell him a set of encyclopedias.,Peter Bonerz,8.5,3185,3,76,Peter Bonerz,Seth Kurland,09/10/1997,466603,23980000
1997,4,the one with the ballroom dancing,22,Joey is forced to help Treeger learn how to dance after he threatens to have Monica and Rachel evicted. Phoebe develops a crush on one of her clients. Ross tries to help Chandler quit the gym.,Gail Mancuso,8.2,3122,4,77,Gail Mancuso,Ted Cohen & Andrew Reich,16/10/1997,466604,24310000
1997,4,the one with joey's new girlfriend,22,Chandler develops feelings for Joey's new girlfriend. Ross and Rachel try to make each other jealous with their dates. Phoebe's cold gives her a sexy singing voice.,Gail Mancuso,8.4,3157,5,78,Gail Mancuso,Gregory S. Malins & Michael Curtis,30/10/1997,466605,24350000
1997,4,the one with the dirty girl,22,Ross's new girlfriend is nearly perfect until he discovers her apartment is very dirty. Chandler buys a better birthday present for Kathy than Joey. Phoebe helps Monica cater an event. Rachel is obsessed at finishing a crossword puzzle by herself.,Shelley Jensen,8.5,3238,6,79,Shelley Jensen,Shana Goldberg-Meehan & Scott Silveri,06/11/1997,466606,25680000
1997,4,the one where chandler crosses the line,22,Chandler is guilt-ridden after kissing Kathy. Ross starts playing the keyboard again and everyone except Phoebe thinks he's terrible. Joey dates someone else while still attached to Kathy.,Kevin Bright,8.7,3294,7,80,Kevin S. Bright,Adam Chase,13/11/1997,466607,26350000
1997,4,the one with chandler in a box,22,Chandler tries to earn Joey's forgiveness by lying in a wooden box for six hours. Monica accidentally gets ice in her eye and her doctor turns out to be Richard's son and it's discovered Rachel exchanges the gifts she received in the past.,Peter Bonerz,9.1,4139,8,81,Peter Bonerz,Michael Borkow,20/11/1997,466608,26760000
1997,4,the one where they're going to party!,22,Monica ends up having to choose between a head chef position or the catering business she started with Phoebe. Rachel is close to getting a promotion but tragedy strikes. Chandler and Ross are excited when an old friend is coming to town.,Peter Bonerz,7.9,3045,9,82,Peter Bonerz,Ted Cohen & Andrew Reich,11/12/1997,466609,23890000
1997,4,the one with the girl from poughkeepsie,22,"In order for her kitchen staff to acknowledge her authority, Monica hires Joey so she can fire him in front of them. Chandler unsuccessfully tries to set Rachel up with a co-worker. Ross can't choose between two girls.",Gary Halvorson,8.1,3025,10,83,Gary Halvorson,Scott Silveri,18/12/1997,466612,23220000
1998,4,the one with phoebe's uterus,22,Newlyweds Frank and Alice ask Phoebe to be their surrogate. Joey gets a job as a tour guide at Ross's museum. Chandler asks Monica and Rachel for advice on how to sexually satisfy Kathy.,David Steinberg,8.5,3210,11,84,David Steinberg,Seth Kurland,08/01/1998,466610,23660000
1998,4,the one with the embryos,22,"Phoebe's uterus is examined for implantation of the embryos. Meanwhile, a seemingly harmless game between Chandler and Joey against Monica and Rachel escalates into a full blown contest where the stakes are raised higher and higher.",Kevin Bright,9.5,6006,12,85,Kevin S. Bright,Jill Condon & Amy Toomin,15/01/1998,466611,27140000
1998,4,the one with rachel's crush,22,"After seeing Kathy's play, Chandler becomes convinced she is cheating on him with her co-star. Rachel develops a crush on one of her customers. Monica becomes jealous when she realizes she is no longer the 'hostess'.",Dana De Vally Piazza,8.2,3006,13,86,Dana DeVally Piazza,Shana Goldberg-Meehan,29/01/1998,466613,25270000
1998,4,the one with joey's dirty day,22,"Joey arrives on the set of his latest movie unwashed, after a three-day fishing trip with his dad. Rachel sets up Ross with the niece of her boss. Chandler goes through three phrases to help recover from Kathy cheating on him.",Peter Bonerz,8.2,3028,14,87,Peter Bonerz,Wil Calhoun,05/02/1998,466614,25080000
1998,4,the one with all the rugby,22,"Chandler runs into Janice, and finds her more irritating than ever and creates an elaborate plan to break up with her, meanwhile, Ross attempts to learn how to play rugby to impress Emily and Monica obsesses over a electric lighting switch.",James Burrows,8.5,3180,15,88,James Burrows,Story by: Ted Cohen & Andrew ReichTeleplay by: Wil Calhoun,26/02/1998,466617,24440000
1998,4,the one with the fake party,22,Rachel organizes a fake good bye party for Emily so she can spend time with Joshua. A side effect from her pregnancy causes Phoebe to have a craving for meat.,Michael Lembeck,8.2,3061,16,89,Michael Lembeck,Story by: Alicia Sky VarinaitisTeleplay by: Scott Silveri & Shana Goldberg-Meehan,19/03/1998,466615,23130000
1998,4,the one with the free porn,22,Chandler and Joey discover that they're getting a free porn channel on their TV. Monica encourages Ross to tell Emily he loves her just before she leaves for London. Phoebe gets a shock when she visits her OB-GYN.,Michael Lembeck,8.6,3212,17,90,Michael Lembeck,Story by: Mark KunerthTeleplay by: Richard Goodman,26/03/1998,466616,23220000
1998,4,the one with rachel's new dress,22,Rachel has an awkward encounter with Joshua's parents. Phoebe is offered the chance to name one of the triplets. Ross becomes paranoid when Emily goes to London with Susan.,Gail Mancuso,8.3,3011,18,91,Gail Mancuso,Story by: Andrew Reich & Ted CohenTeleplay by: Jill Condon & Amy Toomin,02/04/1998,466620,21720000
1998,4,the one with all the haste,22,Ross proposes to Emily. Monica and Rachel try to win their apartment back from Chandler and Joey.,Kevin Bright,8.7,3168,19,92,Kevin S. Bright,Scott Silveri & Wil Calhoun,09/04/1998,466618,21760000
1998,4,the one with all the wedding dresses,22,"Monica tries on Emily's wedding dress, and can't stop wearing it. Jealous of Ross's proposal to Emily, Rachel tries to talk Joshua into marriage. Chandler takes Joey to a sleep clinic when he starts snoring.",Gail Mancuso,8.5,3110,20,93,Gail Mancuso,Story by: Adam ChaseTeleplay by: Gregory S. Malins & Michael Curtis,16/04/1998,466621,21940000
1998,4,the one with the invitation,22,"As Ross and Emily send out wedding invitations, he and Rachel each look back on their relationship together while Joey and Chandler look for a purpose in life.",Peter Bonerz,7.2,3364,21,94,Peter Bonerz,Seth Kurland,23/04/1998,466619,21510000
1998,4,the one with the worst best man ever,22,"at first Ross chooses Joey to be his best man but after a mishap at his bachelor party, he decides he wants both Joey and Chandler as his best men. Phoebe's mood swings makes Monica and Rachel nervous.",Peter Bonerz,8.5,3052,22,95,Peter Bonerz,Story by: Seth KurlandTeleplay by: Gregory S. Malins & Michael Curtis,30/04/1998,466622,23150000
1998,4,the one with ross's wedding,30,"Phoebe tries to help Rachel deal with her feelings for Ross as the rest of the gang head to London for Ross and Emily's wedding, while someone else unexpectedly shows up to the wedding.",Kevin Bright,8.7,3343,23,96,Kevin S. Bright,Michael Borkow,07/05/1998,466623,31610000
1998,4,the one with ross's wedding,30,Phoebe tries to warn the gang that Rachel is coming to London to tell Ross she still loves him. Ross and Emily's parents get into an argument over the bill for the wedding. Monica and Chandler sleep together. The wedding ends with a gaffe.,Kevin Bright,9.2,4217,23,96,Kevin S. Bright,Michael Borkow,07/05/1998,466623,31610000
1998,5,the one after ross says rachel,22,"A humiliated Emily runs away after Ross says Rachel's name at the altar. Meanwhile, Chandler and Monica struggle to get time alone together.",Kevin Bright,8.9,3609,1,98,Kevin S. Bright,Seth Kurland,24/09/1998,467651,31120000
1998,5,the one with all the kissing,22,Chandler must constantly kiss the girls to cover up a kiss he gave to Monica to hide their affair. Phoebe gets irritated when the gang constantly talk about London. Rachel puts Monica in charge of her love life. Ross tries to contact Emily.,Gary Halvorson,9,3674,2,99,Gary Halvorson,Wil Calhoun,01/10/1998,467652,25360000
1998,5,the one hundredth,22,"The gang take Phoebe to the hospital after she goes into labor. Monica threatens to go on a date with a male nurse after Chandler claims they are ""just goofing around."" Joey gets treated for kidney stones.",Kevin Bright,8.8,3331,3,100,Kevin S. Bright,David Crane & Marta Kauffman,08/10/1998,467653,26820000
1998,5,the one where phoebe hates pbs,22,Ross finally gets in touch with Emily and they try to work it out. Chandler gloats after Rachel reveals that Monica's secret boyfriend is the best sex she ever had. Phoebe and Joey debate if a selfless good deed exists.,Shelley Jensen,8.3,2995,4,101,Shelley Jensen,Michael Curtis,18/10/1998,467654,24090000
1998,5,the one with the kips,22,Chandler and Monica go away for the weekend but spend the entire time fighting. Ross tries to tell Rachel about his agreement with Emily.,Dana De Vally Piazza,8.8,3215,5,102,Dana DeVally Piazza,Scott Silveri,29/10/1998,467655,25870000
1998,5,the one with the yeti,22,The gang become frustrated with Emily's demands to Ross. Monica and Rachel mistake their new neighbor for a yeti. Phoebe receives a fur coat as a family heirloom from her mother.,Gary Halvorson,8.1,3001,6,103,Gary Halvorson,Alexa Junge,05/11/1998,467656,24990000
1998,5,the one where ross moves in,22,Ross moves in with Chandler and Joey after Emily's cousin kicks him out of his apartment. Phoebe dates a health inspector. Rachel plays hard-to-get with Danny.,Gary Halvorson,8.4,3029,7,104,Gary Halvorson,Gigi McCreery & Perry Rein,12/11/1998,467657,24440000
1998,5,the one with all the thanksgivings,22,The gang remember and share with each other their worst Thanksgivings.,Kevin Bright,9.2,4261,8,105,Kevin S. Bright,Gregory S. Malins,19/11/1998,467659,23920000
1998,5,the one with ross's sandwich,22,Joey finds himself constantly covering for Chandler and Monica's affair. Ross becomes angry when someone at work eats his sandwich. Phoebe and Rachel enroll in a literature class.,Gary Halvorson,9.1,3913,9,106,Gary Halvorson,Ted Cohen & Andrew Reich,10/12/1998,467658,23030000
1998,5,the one with the inappropriate sister,22,A bored Ross wreaks havoc in Chandler and Joey's lives. Rachel is uncomfortable with Danny's unusually close relationship with his sister. Phoebe runs into trouble whilst collecting donations for the poor during Christmas.,Dana De Vally Piazza,8.2,2980,10,107,Dana DeVally Piazza,Shana Goldberg-Meehan,17/12/1998,467661,23670000
1999,5,the one with all the resolutions,22,The gang make their New Years resolutions. Chandler struggles to not make jokes about everyone. Rachel uncovers a secret. Ross runs into trouble when he wears leather pants on a date.,Joe Regalbuto,9.1,3781,11,108,Joe Regalbuto,Story by: Brian BoyleTeleplay by: Suzie Villandry,07/01/1999,467660,27020000
1999,5,the one with chandler's work laugh,22,Monica becomes annoyed at how Chandler sucks up to his boss by mimicking his boss's laugh and laughing at his tasteless jokes. Ross hooks up with Janice when he finds out Emily is getting married.,Kevin Bright,8.3,2949,12,109,Kevin S. Bright,Alicia Sky Varinaitis,21/01/1999,467663,24820000
1999,5,the one with joey's bag,22,"Phoebe's grandmother dies, and is shocked when her father turns up at the funeral. Meanwhile, Rachel gives Joey a ""man's bag"" for an audition, and Chandler is scared to tell Monica he doesn't like her massages.",Gail Mancuso,8.1,2959,13,110,Gail Mancuso,Story by: Michael CurtisTeleplay by: Seth Kurland,04/02/1999,467662,24920000
1999,5,the one where everybody finds out,22,"When Phoebe finds out about Monica and Chandler, she and Rachel attempt to get them to confess their relationship.",Michael Lembeck,9.7,8066,14,111,Michael Lembeck,Alexa Junge,11/02/1999,467664,27700000
1999,5,the one with the girl who hits joey,22,Ross makes enemies out of his new neighbors. Chandler freaks out about his relationship with Monica. Joey dates a girl who likes to playfully punch him but she doesn't realize she punches him too hard and Joey is reluctant to tell her.,Kevin Bright,8.5,3125,15,112,Kevin S. Bright,Adam Chase,18/02/1999,467665,29310000
1999,5,the one with the cop,22,"Joey has a dream about Monica and becomes convinced he is in love with her. Meanwhile, Phoebe finds a police badge in Central Perk, and Ross tries to get his new sofa into his apartment.",Andrew Tsao,8.6,3174,16,113,Andrew Tsao,Story by: Alicia Sky VarinaitisTeleplay by: Gigi McCreery & Perry Rein,25/02/1999,467666,26020000
1999,5,the one with rachel's inadvertent kiss,22,Rachel has an awkward encounter when she interviews for a new job. Monica becomes jealous of Phoebe and Gary. Joey searches for a 'hot girl' in Ross's building.,Shelley Jensen,8.5,2977,17,114,Shelley Jensen,Andrew Reich & Ted Cohen,18/03/1999,467667,24480000
1999,5,the one where rachel smokes,22,"Rachel takes up smoking to feel more included at work. Joey auditions for a soup commercial with Ross's son Ben, but they end up competing against each other. Monica and Phoebe plan Rachel's surprise birthday party one month in advance.",Todd Holland,8,2898,18,115,Todd Holland,Michael Curtis,08/04/1999,467668,21880000
1999,5,the one where ross can't flirt,22,"As Joey's grandmother visits to watch him on TV, Ross has trouble flirting with the pizza delivery girl, and Rachel tries to find an earring of Monica's that she has misplaced.",Gail Mancuso,8.7,3242,19,116,Gail Mancuso,Doty Abrams,22/04/1999,467669,20850000
1999,5,the one with the ride along,22,The guys go on a ride-along with Gary. Rachel accidentally deletes a message from Emily on Ross's answering machine.,Gary Halvorson,8.3,2888,20,117,Gary Halvorson,Shana Goldberg-Meehan & Seth Kurland,29/04/1999,467670,19630000
1999,5,the one with the ball,22,"Gary asks Phoebe to move in with him but she's reluctant to and to overcome boredom, Ross and Joey start throwing a ball to each other. Rachel buys an expensive cat but it doesn't behave as she hoped it would.",Gary Halvorson,8.5,3010,21,118,Gary Halvorson,Story by: Scott SilveriTeleplay by: Gregory S. Malins,06/05/1999,467671,20920000
1999,5,the one with joey's big break,22,"Joey drives to Las Vegas to shoot to shoot a new movie where he is in the lead role. Rachel gets an eye infection but is reluctant to seek treatment because of her eye phobia. Phoebe is mad at Ross, but doesn't know why.",Gary Halvorson,8.3,2857,22,119,Gary Halvorson,Story by: Shana Goldberg-MeehanTeleplay by: Wil Calhoun,11/05/1999,467672,21280000
1999,5,the one in vegas: part 1,22,The gang go to Las Vegas to visit Joey. Chandler is angry when he finds out Monica had lunch with Richard. Ross and Rachel try to embarrass each other after an awkward encounter.,Kevin Bright,8.8,3282,23,120,Kevin S. Bright,Ted Cohen & Andrew Reich,20/05/1999,467673,25900000
1999,5,the one in vegas: part 2,22,Chandler and Monica reconcile and hastily decide to get married. Ross and Rachel get drunk and roam the casino. Phoebe deals with a 'lurker' on the slot machines.,Kevin Bright,9.1,3726,24,121,Kevin S. Bright,Gregory S. Malins & Scott Silveri,20/05/1999,467674,25900000
1999,6,the one after vegas,22,Ross and Rachel deal with the aftermath of their drunken escapade. Phoebe and Joey take a road trip back to New York in Phoebe's grandmother's cab. Monica and Chandler ponder the idea of marriage.,Kevin Bright,8.7,3175,1,122,Kevin S. Bright,Adam Chase,23/09/1999,225551,27740000
1999,6,the one where ross hugs rachel,22,Monica and Chandler try to tell Rachel and Joey that they're moving in together. Phoebe thinks that Ross didn't get the annulment because he still loves Rachel.,Gail Mancuso,8.2,2883,2,123,Gail Mancuso,Shana Goldberg-Meehan,30/09/1999,225552,22950000
1999,6,the one with ross's denial,22,Ross tries to deny he still has feelings for Rachel. Joey interviews for a new roommate. Monica and Chandler argue over what to do with the spare room when they move in together.,Gary Halvorson,8.2,2851,3,124,Gary Halvorson,Seth Kurland,07/10/1999,225553,21600000
1999,6,the one where joey loses his insurance,22,"Joey's health benefits lapse just as he develops a hernia. Ross is given a professorship at NYU and eager to impress his students, he puts on a fake English accent.",Gary Halvorson,8.5,2976,4,125,Gary Halvorson,Andrew Reich & Ted Cohen,14/10/1999,225554,21070000
1999,6,the one with joey's porsche,22,"Ross and Rachel try to get an annulment, Joey finds the keys to a porsche in Central Perk, and Phoebe, Monica and Chandler babysit the triplets.",Gary Halvorson,8.2,2902,5,126,Gary Halvorson,Perry Rein & Gigi McCreery,21/10/1999,225555,22390000
1999,6,the one on the last night,22,"On the last night before Chandler and Monica move in together, Monica and Rachel argue, and Chandler tries to give Joey money to help him pay the bills.",David Schwimmer,8.5,2942,6,127,David Schwimmer,Scott Silveri,04/11/1999,225556,23590000
1999,6,the one where phoebe runs,22,Rachel is embarrassed by Phoebe's odd running style. Joey gets a new roommate. Chandler tries to impress Monica by cleaning the apartment but forgets how everything is supposed to look.,Gary Halvorson,8.4,2959,7,128,Gary Halvorson,Sherry Bilsing-Graham & Ellen Plummer,11/11/1999,225557,22750000
1999,6,the one with ross' teeth,22,Ross goes too far while trying to impress a date by over-whitening his teeth. Rachel uses gossip to get her boss to like her after Phoebe supposedly makes out with Ralph Lauren.,Gary Halvorson,8.5,3074,8,129,Gary Halvorson,Story by: Andrew Reich & Ted CohenTeleplay by: Perry Rein & Gigi McCreery,18/11/1999,225558,22140000
1999,6,the one where ross got high,22,Ross is forced to reveal the reason why Jack and Judy don't like Chandler. Rachel tries to make dessert for the gang. Joey and Ross try to get out of Thanksgiving when they are invited to hang out with Janine and her dancer friends.,Kevin Bright,9.2,4187,9,130,Kevin S. Bright,Gregory S. Malins,25/11/1999,225559,19170000
1999,6,the one with the routine,22,"On the set of ""Dick Clark's New Year's Rockin' Eve"", Joey tries to kiss Janine at midnight and Monica and Ross resurrect their dance routine from high school. Meanwhile, Rachel, Phoebe and Chandler look for Monica's Christmas presents.",Kevin Bright,8.6,3139,10,131,Kevin S. Bright,Brian Boyle,16/12/1999,225561,22430000
2000,6,the one with the apothecary table,22,"Joey is caught in the middle when Janine tells him she doesn't like Monica and Chandler. Meanwhile, Rachel buys an apothecary table from a store that Phoebe hates.",Kevin Bright,8.1,2892,11,132,Kevin S. Bright,Story by: Zachary RosenblattTeleplay by: Brian Boyle,06/01/2000,225560,22260000
2000,6,the one with the joke,22,"Chandler and Ross argue over a joke. Meanwhile, Joey reluctantly takes a waiter job at Central Perk, and Monica becomes annoyed when Phoebe says she would choose Rachel over her as a girlfriend.",Gary Halvorson,8.1,2829,12,133,Gary Halvorson,Story by: Shana Goldberg-MeehanTeleplay by: Andrew Reich & Ted Cohen,13/01/2000,225562,22330000
2000,6,the one with rachel's sister,22,"Rachel's younger sister arrives in New York and goes on a date with Ross. Meanwhile, Monica won't admit that she is sick.",Gary Halvorson,8.2,2950,13,134,Gary Halvorson,Story by: Seth KurlandTeleplay by: Sherry Bilsing-Graham & Ellen Plummer,03/02/2000,225563,24140000
2000,6,the one where chandler can't cry,22,"Rachel tries to end the spark between Ross and Jill. When Chandler admits that he can't cry, Monica tries to make it happen. The gang discovers that Phoebe's sister, Ursula, is a porn star and is using Phoebe's name.",Kevin Bright,8.6,2996,14,135,Kevin S. Bright,Andrew Reich & Ted Cohen,10/02/2000,225564,23820000
2000,6,the one that could have been,30,"When Rachel hears Barry and Mindy are getting divorced, the gang wonder how different their lives could have been.",Michael Lembeck,8.5,3097,15,136,Michael Lembeck,Gregory S. Malins & Adam Chase,17/02/2000,225565,25890000
2000,6,the one that could have been,30,The gang continue to think about how different their lives could have been.,Michael Lembeck,8.5,3037,16,137,Michael Lembeck,David Crane & Marta Kauffman,17/02/2000,225566,25890000
2000,6,the one with unagi,22,Rachel and Phoebe take self-defense classes. Chandler and Monica agree to give each other homemade presents for Valentine's Day. Joey tries to get money through medical research.,Gary Halvorson,9.1,4180,17,138,Gary Halvorson,Story by: Zachary RosenblattTeleplay by: Adam Chase,24/02/2000,225568,22210000
2000,6,the one where ross dates a student,22,Ross jeopardizes his career when he starts dating a student from one of his palaeontology classes. Rachel and Phoebe's apartment catches fire.,Gary Halvorson,8.3,2870,18,139,Gary Halvorson,Seth Kurland,09/03/2000,225567,20520000
2000,6,the one with joey's fridge,22,Joey tries to get everyone to pay for his broken fridge. Ross becomes paranoid when Elizabeth makes plans for spring break. Monica and Chandler compete against Phoebe to find Rachel a date.,Ben Weiss,8.3,2920,19,140,Ben Weiss,Story by: Seth KurlandTeleplay by: Gigi McCreery & Perry Rein,23/03/2000,225569,21460000
2000,6,the one with mac and c.h.e.e.s.e.,22,Chandler forgets to write down a message for Joey when the time of his audition for the lead in a TV show is changed.,Kevin Bright,7.4,3096,20,141,Kevin S. Bright,Doty Abrams,13/04/2000,225575,18810000
2000,6,the one where ross meets elizabeth's dad,22,"Elizabeth's father takes an instant disliking to Ross. Joey almost gets fired from ""Mac and C.H.E.E.S.E."" after offending the operator of the robot. Phoebe writes a book based on Monica and Chandler.",Michael Lembeck,8.6,3063,21,142,Michael Lembeck,Story by: David J. LaganaTeleplay by: Scott Silveri,27/04/2000,225570,20630000
2000,6,the one where paul's the man,22,Paul threatens to have Ross fired from the university if he continues to date Elizabeth. The girls put their names down on a waiting list for a wedding venue.,Gary Halvorson,9,3578,22,143,Gary Halvorson,Story by: Brian CaldirolaTeleplay by: Sherry Bilsing-Graham & Ellen Plummer,04/05/2000,225571,20010000
2000,6,the one with the ring,22,Chandler and Phoebe go looking for an engagement ring for Monica. Rachel tries to get Paul to open up to her.,Gary Halvorson,8.6,2980,23,144,Gary Halvorson,Ted Cohen & Andrew Reich,11/05/2000,225572,20870000
2000,6,the one with the proposal,30,Chandler's plan to propose to Monica at dinner is interrupted by Richard. Joey accidentally buys a boat at a silent auction. Ross and Elizabeth's relationship comes to a crossroad.,Kevin Bright,8.8,3065,24,145,Kevin S. Bright,Shana Goldberg-Meehan & Scott Silveri,18/05/2000,225573,30730000
2000,6,the one with the proposal,30,"Chandler continues to pretend to hate the idea of marriage, unaware Richard wants Monica back. Meanwhile, Rachel and Phoebe discuss their 'back-up' plans.",Kevin Bright,9.3,4186,5,146,Kevin S. Bright,Andrew Reich & Ted Cohen,18/05/2000,225574,30730000
2000,7,the one with monica's thunder,22,"The gang celebrate Monica and Chandler's engagement, however Ross and Rachel upstage them by briefly reuniting. Joey tries to dress and act like a nineteen-year-old for an audition.",Kevin Bright,8.4,3022,1,147,Kevin S. Bright,Story by: Wil CalhounTeleplay by: David Crane & Marta Kauffman,12/10/2000,226401,25540000
2000,7,the one with rachel's book,22,"Monica learns her parents have spent her entire wedding fund. Phoebe temporarily moves into Ross's apartment, bringing her massage clients with her. Joey mocks Rachel when he finds an erotic novel she is reading.",Michael Lembeck,8.3,2817,2,148,Michael Lembeck,Andrew Reich & Ted Cohen,12/10/2000,226402,27930000
2000,7,the one with phoebe's cookies,22,"Monica tries to figure out Phoebe's grandmother's secret cookie recipe. Meanwhile, Rachel tries to teach Joey how to sail, and Chandler has an awkward encounter when he tries to bond with Jack.",Gary Halvorson,8.1,2803,3,149,Gary Halvorson,Sherry Bilsing & Ellen Plummer,19/10/2000,226405,22720000
2000,7,the one with rachel's assistant,22,"Chaos ensues when Monica and Chandler decide to share each other's secrets. Rachel gets a promotion and interviews for an assistant. Joey is offered the chance to go back on ""Days of Our Lives"".",David Schwimmer,8.1,2820,4,150,David Schwimmer,Brian Boyle,26/10/2000,226403,22660000
2000,7,the one with the engagement picture,22,"Chandler struggles to photograph well for his and Monica's engagement picture. Joey teaches Tag how to pick up women, much to Rachel's annoyance. Phoebe and Ross date a couple who are divorcing.",Gary Halvorson,8.1,2785,5,151,Gary Halvorson,Story by: Earl DavisTeleplay by: Patty Lin,02/11/2000,226404,24430000
2000,7,the one with the nap partners,22,"Joey and Ross accidentally take a nap together - and much to their dismay, find that they like it. Phoebe and Rachel compete to become Monica's maid of honor.",Gary Halvorson,8.9,3369,6,152,Gary Halvorson,Brian Buckner & Sebastian Jones,09/11/2000,226406,22010000
2000,7,the one with ross's library book,22,Ross and Chandler discovers that Ross's book is in the section of the library where students go to have sex. Monica and Chandler run into Janice and she immediately invites herself to the ...                See full summaryÂ Â»,David Schwimmer,8.5,2856,7,153,David Schwimmer,Scott Silveri,16/11/2000,226410,23730000
2000,7,the one where chandler doesn't like dogs,22,"Ross struggles to name all 50 states in a game. Joey compromises Rachel's chances with her crush, Tag, during Thanksgiving dinner. Phoebe sneaks a dog into the apartment, making Chandler extremely nervous.",Kevin Bright,8.2,2772,8,154,Kevin S. Bright,Patty Lin,23/11/2000,226407,16570000
2000,7,the one with all the candy,22,"Monica makes candy to get to know her neighbours, Rachel and Tag try to hide their relationship at work and Ross buys Phoebe a bike.",David Schwimmer,8.1,2753,9,155,David Schwimmer,Wil Calhoun,07/12/2000,226408,21080000
2000,7,the one with the holiday armadillo,22,"Ross wants to introduce Ben to Hanukkah. In order to entice Rachel to move back into their refurbished apartment, Phoebe must drive a wedge between Rachel and current roomie Joey.",Gary Halvorson,8.5,3014,10,156,Gary Halvorson,Gregory S. Malins,14/12/2000,226409,23260000
2001,7,the one with all the cheesecakes,22,Chandler refuses to give back a cheesecake accidentally delivered to his apartment; Phoebe gets angry with Joey when he blows off dinner with her for a date.,Gary Halvorson,8.6,2936,11,157,Gary Halvorson,Shana Goldberg-Meehan,04/01/2001,226412,24370000
2001,7,the one where they're up all night,22,"After the gang head up to the roof to see a passing comet, separate events unfold that lead to them all having a sleepless night.",Kevin Bright,8.7,2983,12,158,Kevin S. Bright,Zachary Rosenblatt,11/01/2001,226413,22860000
2001,7,the one where rosita dies,22,Rachel breaks Joey's armchair. Phoebe takes a temp job in a call centre. Ross and Monica find out their parents are selling their childhood home.,Stephen Prime,8.4,2819,13,159,Stephen Prime,Story by: Ellen Plummer & Sherry BilsingTeleplay by: Brian Buckner & Sebastian Jones,01/02/2001,226415,22240000
2001,7,the one where they all turn thirty,22,Rachel's 30th birthday prompts the rest of the gang to reminisce about their own 30th celebrations.,Ben Weiss,8.6,2976,14,160,Ben Weiss,Story by: Vanessa McCarthyTeleplay by: Ellen Plummer & Sherry Bilsing,08/02/2001,226411,22400000
2001,7,the one with joey's new brain,22,"Joey gets an opportunity to rejoin ""Days of Our Lives"" when his comatose character is implanted with the brain of a female character. Joey approaches her to get some advice on how to play ...                See full summaryÂ Â»",Kevin Bright,8.4,2896,15,161,Kevin S. Bright,Story by: Sherry Bilsing & Ellen PlummerTeleplay by: Andrew Reich & Ted Cohen,15/02/2001,226416,21750000
2001,7,the one with the truth about london,22,"Chandler is shocked to find out who Monica really wanted to sleep with the night they first got together. Meanwhile, Rachel gets into trouble with Ross when she teaches Ben practical jokes.",David Schwimmer,8.7,2961,16,162,David Schwimmer,Story by: Brian Buckner & Sebastian JonesTeleplay by: Zachary Rosenblatt,22/02/2001,226417,21220000
2001,7,the one with the cheap wedding dress,22,"Monica takes the other girls to an overpriced store to choose her wedding dress, briefing them as if they were in the military since bargain-hunters are far more ruthless then Rachel can ...                See full summaryÂ Â»",Kevin Bright,8.4,2758,17,163,Kevin S. Bright,Story by: Brian Buckner & Sebastian JonesTeleplay by: Andrew Reich & Ted Cohen,15/03/2001,226414,20840000
2001,7,the one with joey's award,22,Joey is nominated for a Soapy Award for his part on Days of Our Lives and Rachel is his date to the ceremony. Joey doesn't win the award but takes someone else's award home. Rachel ...                See full summaryÂ Â»,Gary Halvorson,8.4,2793,18,164,Gary Halvorson,Story by: Sherry Bilsing & Ellen PlummerTeleplay by: Brian Boyle,29/03/2001,226418,17810000
2001,7,the one with ross and monica's cousin,22,Joey auditions for a naked role in a big movie; Rachel and Phoebe plan Monica's wedding shower; Ross becomes attracted to his cousin after she visits.,Gary Halvorson,8.7,3155,19,165,Gary Halvorson,Andrew Reich & Ted Cohen,19/04/2001,226421,16540000
2001,7,the one with rachel's big kiss,22,Rachel's college friend can't remember a scandalous kiss from the past; Chandler and Ross argue for possession of Val Kilmer's tuxedo.,Gary Halvorson,8.4,2894,20,166,Gary Halvorson,Scott Silveri & Shana Goldberg-Meehan,26/04/2001,226419,16300000
2001,7,the one with the vows,22,"Monica and Chandler are getting married in four weeks and have to write their vows, but neither has a clue what to say, so they reflect on their past.",Gary Halvorson,7.5,2832,21,167,Gary Halvorson,Doty Abrams,03/05/2001,226424,15650000
2001,7,the one with chandler's dad,22,Ross and Rachel hit the freeway together when Monica's Porsche shows up again; Chandler and Monica go off to Vegas to find Chandler's estranged dad.,Kevin Bright,8.4,2822,22,168,Kevin S. Bright & Gary Halvorson,Story by: Gregory S. MalinsTeleplay by: Brian Buckner & Sebastian Jones,10/05/2001,226420,17230000
2001,7,the one with monica and chandler's wedding: part 1,22,"So close to the wedding, Chandler suddenly realizes the overwhelming meaning of getting married. Meanwhile, Joey acts opposite a famous actor in a movie, but can't bring himself to tell him that he spits when he says his lines.",Kevin Bright,8.9,3178,23,169,Kevin S. Bright,Gregory S. Malins,17/05/2001,226422,30050000
2001,7,the one with monica and chandler's wedding: part 2,22,Ross tries to find Chandler with Phoebe's help. Meanwhile Rachel tries to hinder Monica.,Kevin Bright,9.2,3563,24,170,Kevin S. Bright,Marta Kauffman & David Crane,17/05/2001,226423,30050000
2001,8,the one after i do,22,The gang learns that Rachel is pregnant; Joey tries to impress a Broadway director who's dating Chandler's mom; Chandler's shoes make it hard for him to dance.,Kevin Bright,8.7,3005,1,171,Kevin S. Bright,David Crane & Marta Kauffman,27/09/2001,227401,31700000
2001,8,the one with the red sweater,22,"Monica, Phoebe and Joey advise Rachel to tell the father about the pregnancy. Chandler and Ross lose the wedding photos.",David Schwimmer,9.1,3470,2,172,David Schwimmer,Dana Klein Borkow,04/10/2001,227402,30040000
2001,8,the one where rachel tells...,22,"Even on their honeymoon, Monica is pushy, and is annoyed that Chandler won't jump the line at the airport check-in - especially after the couple in front of them, also on their honeymoon, ...                See full summaryÂ Â»",Sheldon Epps,8.7,2858,3,173,Sheldon Epps,Sherry Bilsing & Ellen Plummer,11/10/2001,227403,29200000
2001,8,the one with the videotape,22,"Ross and Rachel tell everyone about the night they were together. They have two different stories of how it happened until Ross accidentally reveals that he videotaped it. Not surprisingly, everyone wants to see it.",Kevin Bright,9.3,4114,4,174,Kevin S. Bright,Scott Silveri,18/10/2001,227406,25580000
2001,8,the one with rachel's date,22,"Phoebe dates Monica's sous-chef Tim and Monica doesn't fire him for Phoebe's sake. When Phoebe decides to dump Tim, Monica can finally fire him. Rachel has a date with Kash, a co-star on ...                See full summaryÂ Â»",Gary Halvorson,8.1,2703,5,175,Gary Halvorson,Brian Buckner & Sebastian Jones,25/10/2001,227404,25640000
2001,8,the one with the halloween party,22,Monica and Chandler are having a costume party for Halloween. Phoebe bumps into Ursula who is getting married in a week and invites her in return for Ursula's invitation for the wedding. ...                See full summaryÂ Â»,Gary Halvorson,8.5,2969,6,176,Gary Halvorson,Mark Kunerth,01/11/2001,227405,26960000
2001,8,the one with the stain,22,"Chandler hires a maid, whom Monica suspects is stealing her clothing; Eric has trouble forgetting Ursula when he breaks up with her to date Phoebe.",Kevin Bright,7.9,2766,7,177,Kevin S. Bright,R. Lee Fleming Jr.,08/11/2001,227407,24240000
2001,8,the one with the stripper,22,"Chandler finds out that Monica had a bachelorette party with a stripper, even though they promised not to have bachelor/bachelorette parties. Rachel takes Phoebe along to dinner with ...                See full summaryÂ Â»",David Schwimmer,8.8,3082,8,178,David Schwimmer,Andrew Reich & Ted Cohen,15/11/2001,227408,26540000
2001,8,the one with the rumor,22,"Monica invites Will, an old school friend of her and Ross over for Thanksgiving dinner, unaware he isn't too fond of Rachel.",Gary Halvorson,9.3,5291,9,179,Gary Halvorson,Shana Goldberg-Meehan,22/11/2001,227410,24240000
2001,8,the one with monica's boots,22,"Monica's expensive new boots hurt her feet, but she's determined to prove to Chandler that her purchase was worth it; Ben goes to school with Sting's son.",Kevin Bright,8.1,2765,10,180,Kevin S. Bright,Story by: Robert CarlockTeleplay by: Brian Buckner & Sebastian Jones,06/12/2001,227409,22440000
2001,8,the one with ross's step forward,22,"Joey wants to take Rachel to dinner on a pretend date to practice his dating skills, but soon develops romantic feelings for her; Monica, Phoebe, and Chandler are addicted to Mrs. Pacman.",Gary Halvorson,8,2636,11,181,Gary Halvorson,Robert Carlock,13/12/2001,227411,23850000
2002,8,the one where joey dates rachel,22,Phoebe gives Chandler and Monica a late wedding present: the game Ms Pac-Man. Chandler plays it all day long to be better than Monica and Phoebe. Rachel misses dressing up for romantic ...                See full summaryÂ Â»,David Schwimmer,8.5,2871,12,182,David Schwimmer,Sherry Bilsing-Graham & Ellen Plummer,10/01/2002,227412,25530000
2002,8,the one where chandler takes a bath,22,Monica turns Chandler on to the concept of taking a bath to relax; Ross and Rachel toss baby names around while deciding whether to learn the baby's sex.,Ben Weiss,8.6,2800,13,183,Ben Weiss,Vanessa McCarthy,17/01/2002,227413,29240000
2002,8,the one with the secret closet,22,"Chandler's very curious about a locked closet, but Monica won't tell him what is inside.",Kevin Bright,8.2,2654,14,184,Kevin S. Bright,Brian Buckner & Sebastian Jones,31/01/2002,227414,28640000
2002,8,the one with the birthing video,22,"During Valentine's Day, Chandler discovers the miracle of birth seeing an extremely graphic video.",Kevin Bright,8.4,2643,15,185,Kevin S. Bright,Dana Klein Borkow,07/02/2002,227415,28640000
2002,8,the one where joey tells rachel,22,"Ross freaks out when Joey tells him that he is in love with Rachel because Ross is afraid that they will get married and raise his kid together. Phoebe dates a guy called Don, who she ...                See full summaryÂ Â»",Ben Weiss,8.3,2698,16,186,Ben Weiss,Andrew Reich & Ted Cohen,28/02/2002,227416,27520000
2002,8,the one with the tea leaves,22,Chandler and Monica are happy together - their worst problem is his habit to put CDs in the wrong box and their different taste in music. Rachel is desperate to get back on good terms with ...                See full summaryÂ Â»,Gary Halvorson,8.1,2674,17,187,Gary Halvorson,Story by: R. Lee Fleming Jr.Teleplay by: Steven Rosenhaus,07/03/2002,227417,26300000
2002,8,the one in massapequa,22,Everyone prepares for the Gellers' 35th wedding anniversary in Long Island; Monica struggles to prepare the perfect toast; Phoebe invites her new boyfriend Parker.,Gary Halvorson,8.2,2699,18,188,Gary Halvorson,Story by: Peter TibbalsTeleplay by: Mark Kunerth,28/03/2002,227418,22050000
2002,8,the one with joey's interview,22,"Joey prepares for his epic interview with Soap Opera Digest, reminiscing about his past acting experiences, his friends and his romantic life.",Gary Halvorson,7.5,2804,19,189,Gary Halvorson,Doty Abrams,04/04/2002,227424,22590000
2002,8,the one with the baby shower,22,"Monica and Phoebe throw Rachel a baby shower but forget to invite Rachel's mom. Rachel realizes she has no idea how to look after the baby after the birth. Meanwhile, Joey auditions for a job as a host for a new game show called ""Bamboozled"", and Chandler and Ross help him practice.",Kevin Bright,8.2,2699,20,190,Kevin S. Bright,Sherry Bilsing-Graham & Ellen Plummer,25/04/2002,227421,22240000
2002,8,the one with the cooking class,22,"Monica's restaurant get a bad review. After confronting the critic who wrote it, she decides to join a cooking class, with Joey in tow. Rachel gets jealous when Ross hits it off with a woman at the baby department store.",Gary Halvorson,8.2,2690,21,191,Gary Halvorson,Story by: Dana Klein BorkowTeleplay by: Brian Buckner & Sebastian Jones,02/05/2002,227419,23970000
2002,8,the one where rachel is late,22,Monica and Phoebe bet on when Rachel's baby will be born as the due date comes and goes as Rachel becomes extremely irritable; Chandler falls asleep at Joey's big movie premiere.,Gary Halvorson,8.3,2662,22,192,Gary Halvorson,Shana Goldberg-Meehan,09/05/2002,227420,24310000
2002,8,the one where rachel has a baby: part 1,22,"Ross and Rachel go to the hospital to have their baby, but it's a long labor. They get stuck in a semi-private room, and many other couples come and go before Rachel is ready to deliver - ...                See full summaryÂ Â»",Kevin Bright,8.8,2906,23,193,Kevin S. Bright,Scott Silveri,16/05/2002,227422,34910000
2002,8,the one where rachel has a baby: part 2,22,"After Rachel gives birth to her baby, she must confront relationship issues around her.",Kevin Bright,8.9,3150,24,194,Kevin S. Bright,Marta Kauffman & David Crane,16/05/2002,227423,34910000
2002,9,the one where no one proposes,22,Rachel thinks that Joey has proposed to her. Monica and Chandler begin trying to have a baby.,Kevin Bright,8.6,2939,1,195,Kevin S. Bright,Sherry Bilsing-Graham & Ellen Plummer,26/09/2002,175251,34010000
2002,9,the one where emma cries,22,"Chandler, having trouble getting enough sleep at home, falls asleep in a meeting and accidentally agrees to run his company's Tulsa office.",Sheldon Epps,8.5,2957,2,196,Sheldon Epps,Dana Klein Borkow,03/10/2002,175252,28930000
2002,9,the one with the pediatrician,22,"Joey arranges a blind date for Phoebe. Chandler is leaving for Tulsa without Monica, because she has got a great job offer.",Roger Christiansen,8.2,2733,3,197,Roger Christiansen,Brian Buckner & Sebastian Jones,10/10/2002,175254,26620000
2002,9,the one with the sharks,22,Monica thinks Chandler is aroused by shark documentaries.,Ben Weiss,8.2,2764,4,198,Ben Weiss,Andrew Reich & Ted Cohen,17/10/2002,175253,25810000
2002,9,the one with phoebe's birthday dinner,22,"Phoebe will celebrate her birthday by having a dinner with her friends at a fancy restaurant. But everybody is late to the dinner, due to a series of problems.",David Schwimmer,8.5,2799,5,199,David Schwimmer,Scott Silveri,31/10/2002,175255,24460000
2002,9,the one with the male nanny,22,"Looking for a new nanny, Ross and Rachel hire a male nanny named Sandy. Monica tells Chandler that a guy at work is the funniest guy she has ever met.",Kevin Bright,8.4,2961,6,200,Kevin S. Bright,David Crane & Marta Kauffman,07/11/2002,175256,27510000
2002,9,the one with ross's inappropriate song,22,"Ross finds a way to make Emma laugh - singing ""Baby Got Back."" Meanwhile, Phoebe meets Mike's parents, and Joey and Chandler find a video tape in Richard's apartment.",Gary Halvorson,8.7,2971,7,201,Gary Halvorson,Robert Carlock,14/11/2002,175257,25350000
2002,9,the one with rachel's other sister,22,Rachel's middle sister shows up at Thanksgiving and causes arguments amongst the gang.,Kevin Bright,8.8,3273,8,202,Kevin S. Bright,Shana Goldberg-Meehan,21/11/2002,175258,26760000
2002,9,the one with rachel's phone number,22,"Rachel is ready to start hanging out again. She and Phoebe go to a bar, where they meet two guys.",Ben Weiss,8.2,2702,9,203,Ben Weiss,Mark Kunerth,05/12/2002,175259,25420000
2002,9,the one with christmas in tulsa,22,"Chandler must spend Christmas in Tulsa, which Monica thinks he might have an affair with a former Miss Oklahoma runner-up while he is there. Chandler comes home early to announce that he quit his job.",Kevin Bright,7.5,2804,10,204,Kevin S. Bright,Doty Abrams,12/12/2002,175260,22280000
2003,9,the one where rachel goes back to work,22,"Chandler starts looking for a job and is anxious about having a baby, Rachel decides to go back to work, and Phoebe works as an extra on Joey's show.",Gary Halvorson,8,2601,11,205,Gary Halvorson,Story by: Judd RubinTeleplay by: Peter Tibbals,09/01/2003,175261,23670000
2003,9,the one with phoebe's rats,24,Ross makes Joey stay away from their new nanny. Mike accidentally kills Phoebe's rat. Gavin gives Rachel a scarf and a kiss for her birthday.,Ben Weiss,8,2688,12,206,Ben Weiss,Story by: Dana Klein BorkowTeleplay by: Brian Buckner & Sebastian Jones,16/01/2003,175262,23660000
2003,9,the one where monica sings,22,A night at Mike's piano bar gives Monica a very showy moment in the spotlight; Chandler employs his secret skill to repair Joey's botched eyebrow-waxing job.,Gary Halvorson,8.2,2685,13,207,Gary Halvorson,Story by: Sherry Bilsing-Graham & Ellen PlummerTeleplay by: Steven Rosenhaus,30/01/2003,175263,25820000
2003,9,the one with the blind dates,24,Phoebe and Joey purposely set Ross and Rachel up on bad dates in the hopes they'll get back together. Monica and Chandler babysit Emma.,Gary Halvorson,8.2,2642,14,208,Gary Halvorson,Sherry Bilsing-Graham & Ellen Plummer,06/02/2003,175265,23370000
2003,9,the one with the mugging,24,"Joey gets a part in a stage-play in a painful way. Ross and Phoebe are mugged outside Central Perk, Phoebe realizes that she mugged Ross 18 years ago. Chandler starts his new career as advertising writer.",Gary Halvorson,8.3,2670,15,209,Gary Halvorson,Peter Tibbals,13/02/2003,175264,20850000
2003,9,the one with the boob job,27,"When Monica and Chandler both ask Joey for money not wanting the other to know why they are asking for it, Chandler sees that Joey gave money to Monica. Joey makes up that Monica is getting...                See full summaryÂ Â»",Gary Halvorson,8.2,2588,16,210,Gary Halvorson,Mark Kunerth,20/02/2003,175266,19520000
2003,9,the one with the memorial service,26,"When Chandler and Ross joke around on their college website, Ross is accused of being dead which leads to the fact that he was not popular in college. Joey is not willing to give his ...                See full summaryÂ Â»",Gary Halvorson,8.5,2713,17,211,Gary Halvorson,Story by: Robert CarlockTeleplay by: Brian Buckner & Sebastian Jones,13/03/2003,175267,21000000
2003,9,the one with the lottery,23,"Hoping to win a huge jackpot, the friends pool their money and buy dozens of lottery tickets. However, they bicker over how to spend the fortune if they win, and Monica irritates everyone else by buying tickets just for her and Chandler.",Gary Halvorson,8.6,2792,18,212,Gary Halvorson,Story by: Brian Buckner & Sebastian JonesTeleplay by: Sherry Bilsing-Graham & Ellen Plummer,03/04/2003,175268,20790000
2003,9,the one with rachel's dream,22,"Joey is insecure now his Days of Our Lives character Dr. Drake Ramore is getting real dialog, so he asks Rachel to come along to the set, which she loves enough to get romantic dreams, but ...                See full summaryÂ Â»",Terry Hughes,8.1,2616,19,213,Terry Hughes,Story by: Dana Klein BorkowTeleplay by: Mark Kunerth,17/04/2003,175269,18240000
2003,9,the one with the soap opera party,22,Joey throws a cast party on the roof of his building where he ends up making out with an attractive professor that Ross had a crush on.,Sheldon Epps,8.2,2615,20,214,Sheldon Epps,Story by: Shana Goldberg-MeehanTeleplay by: Andrew Reich & Ted Cohen,24/04/2003,175270,20710000
2003,9,the one with the fertility test,22,"Still unable to conceive, Monica and Chandler decide to get tests done at a fertility clinic, where they run into Chandler's favorite ex, Janice. Rachel receives a gift certificate for a ...                See full summaryÂ Â»",Gary Halvorson,8.2,2557,21,215,Gary Halvorson,Story by: Scott SilveriTeleplay by: Robert Carlock,01/05/2003,175271,19030000
2003,9,the one with the donor,22,"When Joey hears that his girlfriend Charlie is an insecure shopper, he volunteers expert Rachel, who dreads being alone with her, so she makes sure Phoebe comes along, by saying she needs a...                See full summaryÂ Â»",Ben Weiss,7.8,2635,22,216,Ben Weiss,Andrew Reich & Ted Cohen,08/05/2003,175272,19550000
2003,9,the one in barbados,22,"Chandler gives advice to David, but that makes David want to propose to Phoebe. Although Phoebe is still in love with Mike. Monica calls Mike who shows up there right in the middle of ...                See full summaryÂ Â»",Kevin Bright,8.5,2705,23,217,Kevin S. Bright,Shana Goldberg-Meehan & Scott Silveri,15/05/2003,175273,25460000
2003,9,the one in barbados,22,"To the other friends' fury, it keeps raining except during Ross's speech, which to their amazement is a big hit with the paleontologists. Joey's scientific ignorance decides Charlie to turn...                See full summaryÂ Â»",Kevin Bright,8.6,2844,24,218,Kevin S. Bright,Marta Kauffman & David Crane,15/05/2003,175274,25460000
2003,10,the one after joey and rachel kiss,22,Joey and Ross both attempt to come clean to each other that they're dating Rachel and Charlie. Phoebe finds out Mike has another girlfriend.,Kevin Bright,8.5,3113,1,219,Kevin S. Bright,Andrew Reich & Ted Cohen,25/09/2003,176251,24540000
2003,10,the one where ross is fine,22,Rachel and Joey fear for Ross's state of mind after he finds out about their relationship. Chandler and Monica visit some friends of Phoebe to get advice on adoption. Frank and the triplets come to visit.,Ben Weiss,8.8,3366,2,220,Ben Weiss,Sherry Bilsing-Graham & Ellen Plummer,02/10/2003,176252,22370000
2003,10,the one with ross's tan,22,Ross goes to a tanning salon but fails to follow the 'simple' instructions. Joey and Rachel struggle to make the transition from friends to lovers. Monica and Phoebe try to avoid an annoying woman that used to live in their building.,Gary Halvorson,8.8,3277,3,221,Gary Halvorson,Brian Buckner,09/10/2003,176253,21870000
2003,10,the one with the cake,22,"On Emma's first birthday, Ross and Rachel convince everyone to delay their plans so they can attend her party, however plans go awry when Emma's birthday cake is revealed.",Gary Halvorson,8.3,2825,4,222,Gary Halvorson,Robert Carlock,23/10/2003,176254,18760000
2003,10,the one where rachel's sister babysits,22,Rachel's sister Amy comes to visit and moves in with her and Joey. Phoebe constantly and accidentally ruins Mike's proposals. Joey struggles to write a letter of recommendation for Monica and Chandler's adoption agency.,Roger Christiansen,8.2,2812,5,223,Roger Christiansen,Dana Klein Borkow,30/10/2003,176255,19370000
2003,10,the one with ross' grant,22,Ross applies for a paleontology grant and finds out Charlie's ex-boyfriend reviews the applications. Monica and Rachel fight over who has to take Phoebe's ugly painting.,Ben Weiss,8.2,2853,6,224,Ben Weiss,Sebastian Jones,06/11/2003,176256,20370000
2003,10,the one with the home study,22,Monica and Chandler nervously prepare for a visit from an adoption worker. Phoebe and Mike keep changing their minds about donating their wedding money to charity. Ross fights Rachel's fear of swings.,Kevin Bright,8.3,2716,7,225,Kevin S. Bright,Mark Kunerth,13/11/2003,176257,20210000
2003,10,the one with the late thanksgiving,22,"Joey, Ross, Rachel and Phoebe convince Monica and Chandler to host Thanksgiving, however the four of them end up arriving to dinner an hour late.",Gary Halvorson,8.9,3302,8,226,Gary Halvorson,Shana Goldberg-Meehan,20/11/2003,176259,20660000
2004,10,the one with the birth mother,22,"After Rachel confirms Joey is more mature in relationships, Phoebe presents him to another friend as date, Sarah, who fails alas to respect his primordial rule by touching food in his plate...                See full summaryÂ Â»",David Schwimmer,8.6,2860,9,227,David Schwimmer,Scott Silveri,08/01/2004,176258,25480000
2004,10,the one where chandler gets caught,22,Chandler and Monica have decided they want to raise their offspring in a suburban house and even find a perfect one in Westchester. Rachel and Phoebe see Chandler enter a car with his ...                See full summaryÂ Â»,Gary Halvorson,8,2748,10,228,Gary Halvorson,Doty Abrams,15/01/2004,176268,26680000
2004,10,the one where the stripper cries,22,Old secrets come to light when Ross and Chandler attend a college reunion. Monica and Rachel throw Phoebe a bachelorette party. Joey appears as a celebrity partner on a game show.,Kevin Bright,9,3684,11,229,Kevin S. Bright,David Crane & Marta Kauffman,05/02/2004,176260,24910000
2004,10,the one with phoebe's wedding,22,Chaos ensues as Phoebe and Mike prepare to get married.,Kevin Bright,8.9,3161,12,230,Kevin S. Bright,Robert Carlock & Dana Klein Borkow,12/02/2004,176262,25900000
2004,10,the one where joey speaks french,22,Phoebe tries to teach Joey to speak French for an audition; Ross and Rachel head out to Long Island after her dad has a heart attack.,Gary Halvorson,8.5,3044,13,231,Gary Halvorson,Sherry Bilsing-Graham & Ellen Plummer,19/02/2004,176261,24270000
2004,10,the one with princess consuela,22,"When Phoebe goes to get her name changed she realizes she can change it to anything she wants, so she changes it to Princess Consuela Banana Hammock, to Mike's displeasure. Chandler finds ...                See full summaryÂ Â»",Gary Halvorson,8.6,2989,14,232,Gary Halvorson,Story by: Robert CarlockTeleplay by: Tracy Reilly,26/02/2004,176263,22820000
2004,10,the one where estelle dies,22,"Ross tries to get Rachel to go back to Ralph Lauren, Joey doesn't know that his agent has died, and Monica and Chandler bump into Janice.",Gary Halvorson,8.5,2771,15,233,Gary Halvorson,Story by: Mark KunerthTeleplay by: David Crane & Marta Kauffman,22/04/2004,176264,22640000
2004,10,the one with rachel's going away party,22,"The gang throws Rachel a goodbye party, during which she says goodbye to everybody individually.",Gary Halvorson,8.9,3141,16,234,Gary Halvorson,Andrew Reich & Ted Cohen,29/04/2004,176265,24510000
2004,10,the last one,30,"Erica gives birth to the baby that Monica and Chandler are adopting. However, there's one small added surprise. Meanwhile, Ross and Rachel sleep together one last time before Rachel leaves ...                See full summaryÂ Â»",Kevin Bright,9.5,6221,17,235,Kevin S. Bright,Marta Kauffman & David Crane,06/05/2004,176266,52460000
2004,10,the last one,30,"Phoebe races Ross to the airport in a bid to stop Rachel from leaving for Paris. Monica and Chandler pack up their apartment ahead of their move to their new house, and Joey buys Chandler a new chick and duck as a leaving present.",Kevin Bright,9.7,10381,18,235,Kevin S. Bright,Marta Kauffman & David Crane,06/05/2004,176266,52460000